requirementId,normativeStatement,sourceClause,requirementClass,strength,criticality,legacyGate,canonicalCapability,verificationMethod,currentStatus,mappingStatus
JAN-REQ-GOV-001,Every material capability shall contribute to a professional outcome rather than optimize artifact production as an end in itself.,JAN-CONST-001 / Article I — Outcome Primacy,Governance,MUST,P0,G0,PROGRAM_CONTROL,Architecture review; outcome trace audit,UNASSESSED,PROVISIONAL_PENDING_P0_AUDIT
JAN-REQ-GOV-002,"Every material representation, decision, action, and PWU shall remain traceable to originating intent or an explicitly authorized exploratory purpose.",JAN-CONST-001 / Article II; Article V,Governance,MUST,P0,G1,C2,Traceability query and conformance test,UNASSESSED,PROVISIONAL_PENDING_P0_AUDIT
JAN-REQ-GOV-003,"The platform shall support professional reasoning, not merely information storage, task execution, or artifact management.",JAN-CONST-001 / Article III — Professional Reasoning,Governance,MUST,P0,G3,C4,UX review; scenario test; semantic model audit,UNASSESSED,PROVISIONAL_PENDING_P0_AUDIT
JAN-REQ-GOV-004,"Claims, confidence, assumptions, alternatives, and supporting or contradicting evidence shall remain explicit and inspectable.",JAN-CONST-001 / Article IV — Evidence,Assurance,MUST,P0,G4,C5,Projection contract tests; decision scenario,UNASSESSED,PROVISIONAL_PENDING_P0_AUDIT
JAN-REQ-GOV-005,"Professional reasoning shall remain reconstructable across time, participants, and revisions.",JAN-CONST-001 / Article V — Traceability,Governance,MUST,P0,G2,C3,Event/history replay test; provenance audit,UNASSESSED,PROVISIONAL_PENDING_P0_AUDIT
JAN-REQ-GOV-006,"Professional representations shall be persistent, computable, observable, versioned, composable, and reconcilable.",JAN-CONST-001 / Article VI — External Cognition,Semantic Model,MUST,P0,G1,C1,Schema and model conformance tests,UNASSESSED,PROVISIONAL_PENDING_P0_AUDIT
JAN-REQ-GOV-007,Professional reasoning shall be recursively composable without violating reconstructability.,JAN-CONST-001 / Article VII — Recursive Composition,Professional Work,MUST,P0,G5,C6,Decomposition/recomposition acceptance journey,UNASSESSED,PROVISIONAL_PENDING_P0_AUDIT
JAN-REQ-GOV-008,Organizational coherence shall be maintained through continuous reconciliation rather than episodic repair alone.,JAN-CONST-001 / Article VIII — Continuous Reconciliation,Reconciliation,MUST,P0,G6,C8,Reconciliation trigger and application tests,UNASSESSED,PROVISIONAL_PENDING_P0_AUDIT
JAN-REQ-GOV-009,Organizational memory shall preserve reasoning and rationale rather than only artifacts.,JAN-CONST-001 / Article IX — Organizational Memory,Memory,MUST,P1,G6,C8,Narrative/source trace test; history inspection,UNASSESSED,PROVISIONAL_PENDING_P0_AUDIT
JAN-REQ-GOV-010,"AI participants shall remain subject to traceability, observability, evidence, validation, accountability, and reconciliation obligations.",JAN-CONST-001 / Article X — Human–AI Partnership,AI Governance,MUST,P0,G8,C10,Agent provenance and authority tests,UNASSESSED,PROVISIONAL_PENDING_P0_AUDIT
JAN-REQ-GOV-011,Professional cognition and computational execution shall both be observable.,JAN-CONST-001 / Article XI — Observability,Observability,MUST,P1,G2,C3,OpenTelemetry contract tests; cognitive metric review,UNASSESSED,PROVISIONAL_PENDING_P0_AUDIT
JAN-REQ-GOV-012,Lower-level profiles and implementations shall specialize but shall not contradict higher-authority semantic documents.,JAN-CONST-001 / Applicability and closing principle,Governance,MUST,P0,G0,PROGRAM_CONTROL,Document dependency review; model diff policy,UNASSESSED,PROVISIONAL_PENDING_P0_AUDIT
JAN-REQ-GOV-013,"Conflicts among code, documentation, and observed behavior shall be classified and reconciled; neither code nor documentation shall be assumed correct by default.",JAN-SEH-001 / Reconciliation capability; architecture drift principles,Governance,MUST,P0,G0,PROGRAM_CONTROL,Baseline discrepancy register and disposition review,UNASSESSED,PROVISIONAL_PENDING_P0_AUDIT
JAN-REQ-GOV-014,"Dates, staffing, estimates, and sprint assignments shall be maintained in a mutable operating plan and shall not redefine normative capability gates.",JAN-RMAP-001 / Roadmap governance rule,Roadmap Governance,MUST,P1,G0,PROGRAM_CONTROL,Roadmap/operating-plan separation review,UNASSESSED,PROVISIONAL_PENDING_P0_AUDIT
JAN-REQ-SEM-001,"Every canonical entity shall possess a stable globally unique identity that survives renaming, revision, and reassignment.",JAN-CPCO-001 / Section 4.1 — Identity,Semantic Model,MUST,P0,G1,C1,Schema test; identity persistence test,UNASSESSED,PROVISIONAL_PENDING_P0_AUDIT
JAN-REQ-SEM-002,Every entity shall declare a canonical entity type; domain subtypes shall preserve base semantics.,JAN-CPCO-001 / Section 4.2 — Type,Semantic Model,MUST,P1,G1,C1,Type-system conformance tests,UNASSESSED,PROVISIONAL_PENDING_P0_AUDIT
JAN-REQ-SEM-003,Mutable entities shall be versioned and historical versions shall remain reconstructable where required.,JAN-CPCO-001 / Section 4.3 — Version,Semantic Model,MUST,P0,G1,C1,Version-history test; replay test,UNASSESSED,PROVISIONAL_PENDING_P0_AUDIT
JAN-REQ-SEM-004,"Material entities and relationships shall record provenance, including human, AI, imported, derived, observed, and reconciled origin.",JAN-CPCO-001 / Section 4.4 — Provenance; INV-002; INV-003,Provenance,MUST,P0,G1,C1,Provenance completeness tests,UNASSESSED,PROVISIONAL_PENDING_P0_AUDIT
JAN-REQ-SEM-005,"Lifecycle state, validity state, and relevant temporal context shall be explicit and shall not be inferred from null or missing values.",JAN-CPCO-001 / Sections 4.5–4.7; INV-007,State Model,MUST,P0,G1,C1,Schema and invariant tests,UNASSESSED,PROVISIONAL_PENDING_P0_AUDIT
JAN-REQ-SEM-006,AI participants shall be represented explicitly and AI-originated cognition shall not be attributed to humans.,JAN-CPCO-001 / Section 5.5 — Participant; INV-003,AI Governance,MUST,P0,G4,C5,Projection and provenance tests,UNASSESSED,PROVISIONAL_PENDING_P0_AUDIT
JAN-REQ-SEM-007,Questions and uncertainties shall be first-class entities and shall drive professional work and decision readiness.,JAN-CPCO-001 / Sections 5.6–5.7,Semantic Model,MUST,P1,G4,C5,Scenario test; query contract test,UNASSESSED,PROVISIONAL_PENDING_P0_AUDIT
JAN-REQ-SEM-008,Every representation shall declare what it represents and its professional purpose.,JAN-CPCO-001 / Section 5.8 — Representation,Semantic Model,MUST,P1,G1,C1,Representation validator test,UNASSESSED,PROVISIONAL_PENDING_P0_AUDIT
JAN-REQ-SEM-009,"Critical assumptions shall be explicit and linked to dependent reasoning, decisions, and work.",JAN-CPCO-001 / Section 5.9; INV-005,Assurance,MUST,P0,G4,C5,Assumption impact test,UNASSESSED,PROVISIONAL_PENDING_P0_AUDIT
JAN-REQ-SEM-010,Mandatory constraints shall be evaluated before conflicting decisions or actions become effective unless an authorized exception exists.,JAN-CPCO-001 / Section 5.10; INV-016,Governance,MUST,P0,G4,C5,Authority/constraint integration test,UNASSESSED,PROVISIONAL_PENDING_P0_AUDIT
JAN-REQ-SEM-011,"Claims shall remain distinct from evidence, and evidentiary support shall be represented by explicit typed relationships.",JAN-CPCO-001 / Sections 5.11–5.12; INV-004,Evidence,MUST,P0,G4,C5,Claim-evidence relationship tests,UNASSESSED,PROVISIONAL_PENDING_P0_AUDIT
JAN-REQ-SEM-012,"Confidence shall remain distinct from approval, priority, completion, certainty, and severity, and shall identify its basis.",JAN-CPCO-001 / Section 5.13; INV-015,Assurance,MUST,P1,G4,C5,Semantic validator and UI test,UNASSESSED,PROVISIONAL_PENDING_P0_AUDIT
JAN-REQ-SEM-013,Every completed reasoning activity shall identify outputs or explicitly record that no valid conclusion was produced.,JAN-CPCO-001 / Section 5.14 — Reasoning Activity,Reasoning,MUST,P1,G4,C5,Reasoning completion test,UNASSESSED,PROVISIONAL_PENDING_P0_AUDIT
JAN-REQ-SEM-014,Materially considered alternatives that are rejected should retain rejection rationale.,JAN-CPCO-001 / Section 5.15 — Alternative,Decision,SHOULD,P2,G4,C5,Decision history review,UNASSESSED,PROVISIONAL_PENDING_P0_AUDIT
JAN-REQ-SEM-015,A decision shall be represented as an authorized commitment under available knowledge and shall not be treated as truth.,JAN-CPCO-001 / Section 5.16 — Decision,Decision,MUST,P0,G4,C5,Semantic distinction test; UI acceptance test,UNASSESSED,PROVISIONAL_PENDING_P0_AUDIT
JAN-REQ-SEM-016,An action shall remain distinct from the decision authorizing it and from the outcome it is intended to affect.,JAN-CPCO-001 / Section 5.17 — Action,Semantic Model,MUST,P1,G7,C9,Traceability test,UNASSESSED,PROVISIONAL_PENDING_P0_AUDIT
JAN-REQ-SEM-017,"Observation, interpretation, and derived claim shall remain distinguishable; an observation becomes evidence only through explicit use.",JAN-CPCO-001 / Section 5.18; INV-010,Evidence,MUST,P0,G4,C5,Observation-evidence conversion test,UNASSESSED,PROVISIONAL_PENDING_P0_AUDIT
JAN-REQ-SEM-018,Artifacts shall remain semantically distinct from the representations they embody.,JAN-CPCO-001 / Section 5.19; Semantic Boundary Rules,Semantic Model,MUST,P1,G1,C1,Artifact/representation model test,UNASSESSED,PROVISIONAL_PENDING_P0_AUDIT
JAN-REQ-SEM-019,"Dependencies shall be explicit, typed, directional, and status-bearing.",JAN-CPCO-001 / Section 5.20 — Dependency,Dependency,MUST,P1,G3,C4,Dependency schema and blocker tests,UNASSESSED,PROVISIONAL_PENDING_P0_AUDIT
JAN-REQ-SEM-020,"Validations shall be explicit entities with criteria, result, performer, and time.",JAN-CPCO-001 / Section 5.23 — Validation; INV-009,Assurance,MUST,P0,G4,C5,Validation contract tests,UNASSESSED,PROVISIONAL_PENDING_P0_AUDIT
JAN-REQ-SEM-021,Reconciliation shall preserve the prior state and the rationale for change.,JAN-CPCO-001 / Section 5.24; INV-017,Reconciliation,MUST,P0,G6,C8,Before/after history test,UNASSESSED,PROVISIONAL_PENDING_P0_AUDIT
JAN-REQ-SEM-022,Narrative memory shall identify its source entities and shall not silently invent missing rationale.,JAN-CPCO-001 / Section 5.25 — Narrative Memory,Memory,MUST,P1,G6,C8,Narrative grounding test,UNASSESSED,PROVISIONAL_PENDING_P0_AUDIT
JAN-REQ-SEM-023,"Material semantic relationships and contradictions shall be first-class, versionable, provenance-bearing objects or typed relationships.",JAN-CPCO-001 / Sections 6 and 13,Semantic Model,MUST,P0,G4,C5,Relationship and contradiction tests,UNASSESSED,PROVISIONAL_PENDING_P0_AUDIT
JAN-REQ-SEM-024,"Transaction time, valid time, observation time, and decision effective time shall remain distinct where applicable.",JAN-CPCO-001 / Section 14 — Temporal and Version Model,Temporal,MUST,P1,G2,C3,Temporal query tests,UNASSESSED,PROVISIONAL_PENDING_P0_AUDIT
JAN-REQ-SEM-025,"Every material semantic transition shall emit a domain event with causation, correlation, provenance, and version context.",JAN-CPCO-001 / Section 15 — Event Model,Events,MUST,P0,G2,C3,Event contract and trace tests,UNASSESSED,PROVISIONAL_PENDING_P0_AUDIT
JAN-REQ-SEM-026,"The implementation shall preserve the canonical semantic boundary distinctions enumerated by CPCO, including Outcome ≠ Artifact, Claim ≠ Evidence, Decision ≠ Truth, and PWU ≠ Task.",JAN-CPCO-001 / Section 23 — Semantic Boundary Rules,Semantic Model,MUST,P0,G1,C2,Semantic conformance suite,UNASSESSED,PROVISIONAL_PENDING_P0_AUDIT
JAN-REQ-PWU-001,Each PWU shall possess exactly one active professionally meaningful objective.,JAN-PWU-001 / PWU-INV-001,Professional Work,MUST,P0,G3,C4,Aggregate invariant test,UNASSESSED,PROVISIONAL_PENDING_P0_AUDIT
JAN-REQ-PWU-002,Each non-exploratory PWU shall trace to at least one active intent.,JAN-PWU-001 / PWU-INV-002,Professional Work,MUST,P0,G3,C4,Traceability test,UNASSESSED,PROVISIONAL_PENDING_P0_AUDIT
JAN-REQ-PWU-003,"PWU scope, exclusions, and non-goals shall be explicit; material scope changes shall be versioned and impact-assessed.",JAN-PWU-001 / Sections 7 and 17; PWU-INV-004,Professional Work,MUST,P0,G3,C4,Scope-change command test,UNASSESSED,PROVISIONAL_PENDING_P0_AUDIT
JAN-REQ-PWU-004,PWUs shall maintain lifecycle state and cognitive state as separate explicit dimensions.,JAN-PWU-001 / Sections 8–10; PWU-INV-003,State Model,MUST,P0,G3,C4,"Schema, API, and UI tests",UNASSESSED,PROVISIONAL_PENDING_P0_AUDIT
JAN-REQ-PWU-005,"Material PWU lifecycle transitions shall be explicit, validated, authorized, evented, and rejected atomically when preconditions fail.",JAN-PWU-001 / Section 11 — State Transition Rules,State Model,MUST,P0,G3,C4,Transition conformance suite,UNASSESSED,PROVISIONAL_PENDING_P0_AUDIT
JAN-REQ-PWU-006,A PWU shall satisfy the framing contract before it may become ready or active.,JAN-PWU-001 / Section 12 — Framing Contract,Professional Work,MUST,P0,G3,C4,Ready-state validator tests,UNASSESSED,PROVISIONAL_PENDING_P0_AUDIT
JAN-REQ-PWU-007,"PWU participation shall be role-based, explicit, and capable of distinguishing ownership, coordination, review, validation, approval, and execution.",JAN-PWU-001 / Section 13 — Participant and Role Model,Governance,MUST,P1,G3,C4,Role/authority matrix tests,UNASSESSED,PROVISIONAL_PENDING_P0_AUDIT
JAN-REQ-PWU-008,"External and imported inputs shall be treated as untrusted until parsed, normalized, validated, and accepted for use.",JAN-PWU-001 / Section 14 — Input Model,Boundary Assurance,MUST,P0,G3,C4,Boundary validation tests,UNASSESSED,PROVISIONAL_PENDING_P0_AUDIT
JAN-REQ-PWU-009,"Required outputs shall define semantic purpose, acceptance criteria, validation, authoritative status, and downstream consumers.",JAN-PWU-001 / Section 15 — Output Model,Professional Work,MUST,P1,G3,C4,Output contract tests,UNASSESSED,PROVISIONAL_PENDING_P0_AUDIT
JAN-REQ-PWU-010,"Questions and uncertainties shall be modeled explicitly, including residual uncertainty accepted at completion.",JAN-PWU-001 / Section 16 — Question and Uncertainty Model,Reasoning,MUST,P0,G4,C5,Residual uncertainty scenario,UNASSESSED,PROVISIONAL_PENDING_P0_AUDIT
JAN-REQ-PWU-011,"Critical assumptions and mandatory constraints shall be visible and evaluated at framing, decision, action authorization, completion, and reconciliation as applicable.",JAN-PWU-001 / Section 17 — Assumptions and Constraints,Assurance,MUST,P0,G4,C5,Lifecycle assurance tests,UNASSESSED,PROVISIONAL_PENDING_P0_AUDIT
JAN-REQ-PWU-012,"Reasoning activities shall record purpose, method, inputs, outputs, participant, assumptions introduced, limitations, and provenance.",JAN-PWU-001 / Section 18 — Reasoning Activity Model,Reasoning,MUST,P1,G4,C5,Reasoning record contract tests,UNASSESSED,PROVISIONAL_PENDING_P0_AUDIT
JAN-REQ-PWU-013,"Claim, evidence, and confidence changes shall be explicit and confidence changes should preserve their basis and triggering evidence.","JAN-PWU-001 / Section 19 — Claim, Evidence, and Confidence Model",Evidence,MUST,P1,G4,C5,Confidence reassessment test,UNASSESSED,PROVISIONAL_PENDING_P0_AUDIT
JAN-REQ-PWU-014,"Material decisions shall identify authority, alternatives, evidence, assumptions, constraints, rationale, and residual uncertainty.",JAN-PWU-001 / Section 20 — Decision Model,Decision,MUST,P0,G4,C5,Decision approval acceptance journey,UNASSESSED,PROVISIONAL_PENDING_P0_AUDIT
JAN-REQ-PWU-015,Action completion shall remain distinct from PWU completion and outcome achievement.,JAN-PWU-001 / Section 21 — Action Model,State Model,MUST,P0,G7,C9,Execution/outcome distinction test,UNASSESSED,PROVISIONAL_PENDING_P0_AUDIT
JAN-REQ-PWU-016,"Material observation variance shall trigger reconciliation when it conflicts with current claims, assumptions, representations, decisions, outcomes, or constraints.",JAN-PWU-001 / Section 22 — Observation and Feedback Model,Reconciliation,MUST,P0,G6,C8,Observation-triggered reconciliation test,UNASSESSED,PROVISIONAL_PENDING_P0_AUDIT
JAN-REQ-PWU-017,"Dependencies shall be explicit, typed, bidirectionally visible across PWUs, and capable of blocking advancement.",JAN-PWU-001 / Section 23 — Dependency Model,Dependency,MUST,P1,G3,C4,Cross-PWU dependency tests,UNASSESSED,PROVISIONAL_PENDING_P0_AUDIT
JAN-REQ-PWU-018,"Required validations shall be planned, criteria-bearing, authority-aware, and shall not treat inconclusive as pass.",JAN-PWU-001 / Section 25 — Validation Model,Assurance,MUST,P0,G4,C5,Validation plan and inconclusive test,UNASSESSED,PROVISIONAL_PENDING_P0_AUDIT
JAN-REQ-PWU-019,"Reconciliation shall identify triggers, affected entities and PWUs, prior state, proposed state, impact, and authority.",JAN-PWU-001 / Section 26 — Reconciliation Model,Reconciliation,MUST,P0,G6,C8,Reconciliation case contract tests,UNASSESSED,PROVISIONAL_PENDING_P0_AUDIT
JAN-REQ-PWU-020,"Each child PWU shall receive a delegation contract, and decomposition shall be based on professional meaning rather than UI or arbitrary task granularity.",JAN-PWU-001 / Section 27 — Decomposition Model; PWU-INV-015,Recursive Work,MUST,P0,G5,C6,Child creation and delegation tests,UNASSESSED,PROVISIONAL_PENDING_P0_AUDIT
JAN-REQ-PWU-021,A parent PWU with children shall perform recomposition before completion; child completion shall not imply parent coherence.,JAN-PWU-001 / Section 28; PWU-INV-016,Recursive Work,MUST,P0,G5,C6,Recomposition-required acceptance journey,UNASSESSED,PROVISIONAL_PENDING_P0_AUDIT
JAN-REQ-PWU-022,"PWU completion shall be condition-based and shall be rejected when mandatory validation, dependencies, constraints, contradictions, or recomposition remain unresolved.",JAN-PWU-001 / Section 29; PWU-INV-007/008/018,Completion,MUST,P0,G3,C4,Completion gate suite,UNASSESSED,PROVISIONAL_PENDING_P0_AUDIT
JAN-REQ-PWU-023,"Failure, retry, tactic change, and escalation shall be classified distinctly and shall preserve attempted work, evidence, uncertainty, and recommended disposition.","JAN-PWU-001 / Section 30 — Failure, Tactic Change, and Escalation",Coordination,MUST,P1,G5,C6,Failure/tactic/escalation scenarios,UNASSESSED,PROVISIONAL_PENDING_P0_AUDIT
JAN-REQ-PWU-024,Authoritative PWU state changes shall use semantic commands and immutable events rather than unrestricted generic mutation.,JAN-PWU-001 / Sections 31–33; PWU-INV-020,Commands and Events,MUST,P0,G2,C3,Command/event integration tests,UNASSESSED,PROVISIONAL_PENDING_P0_AUDIT
JAN-REQ-PWU-025,Material PWU commands shall use optimistic concurrency and shall reject stale expected versions rather than silently overwrite current state.,JAN-PWU-001 / Section 31.3; acceptance scenario,Concurrency,MUST,P0,G2,C3,Stale-command test,UNASSESSED,PROVISIONAL_PENDING_P0_AUDIT
JAN-REQ-RPH-001,"An RPH shall frame, allocate, coordinate, monitor, validate, reconcile, synthesize, and escalate professional work while preserving intent and coherence.",JAN-RPH-001 / Core responsibilities,Coordination,MUST,P0,G5,C7,RPH scenario and state tests,UNASSESSED,PROVISIONAL_PENDING_P0_AUDIT
JAN-REQ-RPH-002,An RPH shall govern coordination and shall not directly own or silently rewrite the professional knowledge contained in PWUs.,JAN-RPH-001 / What an RPH governs,Coordination,MUST,P0,G5,C7,Architecture boundary test,UNASSESSED,PROVISIONAL_PENDING_P0_AUDIT
JAN-REQ-RPH-003,"Subordinate RPHs shall possess bounded purpose, scope, authority, completion conditions, and parent traceability.",JAN-RPH-001 / Recursive composition and delegation,Recursive Work,MUST,P1,G5,C7,Child RPH contract tests,UNASSESSED,PROVISIONAL_PENDING_P0_AUDIT
JAN-REQ-RPH-004,"RPH planning shall be continuous, explicit, and versioned; plans shall produce or propose commands rather than mutate PWUs directly.",JAN-JEM-001 / Sections 22–23 — RPH lifecycle and planning,Coordination,MUST,P0,G5,C7,Plan revision and command boundary tests,UNASSESSED,PROVISIONAL_PENDING_P0_AUDIT
JAN-REQ-RPH-005,"Allocation shall consider capability, authority, availability, risk, cost, independence, and tool access.",JAN-JEM-001 / Section 24 — Work Allocation,Coordination,MUST,P1,G5,C7,Allocation policy tests,UNASSESSED,PROVISIONAL_PENDING_P0_AUDIT
JAN-REQ-RPH-006,"RPH progress assessment shall measure professional progress such as uncertainty reduction, evidence sufficiency, validation, and synthesis rather than computational activity alone.",JAN-RPH-001 / Monitoring progress; observability,Observability,MUST,P1,G5,C7,Progress metric review,UNASSESSED,PROVISIONAL_PENDING_P0_AUDIT
JAN-REQ-RPH-007,"Technical retry and professional tactic change shall remain distinct, and no-progress detection shall trigger tactic evaluation rather than blind repetition.",JAN-JEM-001 / Sections 27–29; JEM-INV-013,Coordination,MUST,P0,G5,C7,Retry/tactic-change tests,UNASSESSED,PROVISIONAL_PENDING_P0_AUDIT
JAN-REQ-RPH-008,"Escalation shall be explicit, authority-directed, and shall carry a complete professional escalation package.",JAN-RPH-001 / Escalation,Governance,MUST,P0,G5,C7,Escalation package acceptance test,UNASSESSED,PROVISIONAL_PENDING_P0_AUDIT
JAN-REQ-RPH-009,RPH synthesis shall evaluate cross-child coherence and produce explicit synthesized professional entities before parent completion.,JAN-RPH-001 / Synthesis,Recursive Work,MUST,P0,G5,C7,Synthesis and parent completion tests,UNASSESSED,PROVISIONAL_PENDING_P0_AUDIT
JAN-REQ-RPH-010,"RPH coordination state, bottlenecks, tactic health, validation backlog, synthesis backlog, and escalation shall be observable.",JAN-RPH-001 / Observability,Observability,MUST,P1,G5,C7,Coordination projection and telemetry tests,UNASSESSED,PROVISIONAL_PENDING_P0_AUDIT
JAN-REQ-RPH-011,"Human judgment points, authority gaps, legal, ethical, safety, and strategic trade-offs shall remain visible and reviewable.",JAN-RPH-001 / Human interaction,Governance,MUST,P0,G5,C7,Human-attention scenario,UNASSESSED,PROVISIONAL_PENDING_P0_AUDIT
JAN-REQ-RPH-012,"Recursive expansion shall be governed by depth, concurrency, cost, time, and context limits and shall never silently truncate work.",JAN-JEM-001 / Section 65 — Recursive Expansion Limits,Resource Governance,MUST,P1,G8,C10,Limit and escalation tests,UNASSESSED,PROVISIONAL_PENDING_P0_AUDIT
JAN-REQ-PROJ-001,"Every material projection shall be derived from authoritative semantic, PWU, RPH, lifecycle, role, authority, and purpose context.",JAN-CPM-001 / Sections 2–3,Projection,MUST,P0,G3,C4,Projection source contract tests,UNASSESSED,PROVISIONAL_PENDING_P0_AUDIT
JAN-REQ-PROJ-002,A projection shall not independently mutate or become an authoritative semantic source of truth.,JAN-CPM-001 / PROJ-INV-001/002; PROJ-INV-018,Projection,MUST,P0,G3,C4,Mutation boundary tests,UNASSESSED,PROVISIONAL_PENDING_P0_AUDIT
JAN-REQ-PROJ-003,"Material projections shall preserve access to provenance, confidence, uncertainty, contradiction, completeness, and filtering disclosures.",JAN-CPM-001 / Projection invariants,Projection,MUST,P0,G4,C5,Projection disclosure tests,UNASSESSED,PROVISIONAL_PENDING_P0_AUDIT
JAN-REQ-PROJ-004,"Current, historical, predicted, stale, partial, and offline states shall be explicitly distinguishable.","JAN-CPM-001 / PROJ-INV-007/013/014; Sections 17, 21",Temporal UX,MUST,P0,G3,C4,State-mode UI tests,UNASSESSED,PROVISIONAL_PENDING_P0_AUDIT
JAN-REQ-PROJ-005,"Available UI and agent commands shall derive from current role, authority, lifecycle, cognitive state, policy, and validation condition.",JAN-CPM-001 / PROJ-INV-009; Projection-derived commands,Authority UX,MUST,P0,G3,C4,Command availability tests,UNASSESSED,PROVISIONAL_PENDING_P0_AUDIT
JAN-REQ-PROJ-006,"Equivalent projections across web, desktop, mobile, IDE, and conversation shall preserve semantic continuity.",JAN-CPM-001 / PROJ-INV-010; responsive profiles,UX,MUST,P1,G7,C9,Cross-surface conformance review,UNASSESSED,PROVISIONAL_PENDING_P0_AUDIT
JAN-REQ-PROJ-007,Calculated indicators and synthetic scores shall be explainable and navigable to their basis.,JAN-CPM-001 / PROJ-INV-011; Analytical projections,Assurance UX,MUST,P1,G4,C5,Metric explanation tests,UNASSESSED,PROVISIONAL_PENDING_P0_AUDIT
JAN-REQ-PROJ-008,"Cross-projection navigation shall preserve professional context, temporal mode, selected entities, and originating path.",JAN-CPM-001 / Section 22 — Cross-Projection Navigation,UX,MUST,P1,G3,C4,Critical navigation journey,UNASSESSED,PROVISIONAL_PENDING_P0_AUDIT
JAN-REQ-PROJ-009,The interface shall support cognitive zoom and cognitive time without losing intent and parent context.,JAN-CPM-001 / Sections 20–21,UX,MUST,P1,G7,C9,Zoom/time acceptance tests,UNASSESSED,PROVISIONAL_PENDING_P0_AUDIT
JAN-REQ-PROJ-010,"The application shall implement a stable cognitive workspace shell with global context, local objective, primary projection, context inspector, and professional command region.",JAN-RIWS-001 / Sections 4–10; Minimum Viable Workspace,UX,MUST,P0,G3,C4,Shell component and route tests,UNASSESSED,PROVISIONAL_PENDING_P0_AUDIT
JAN-REQ-PROJ-011,"The primary experience shall not be organized around chat, file hierarchy, task boards, or disconnected technical modules.",JAN-RIWS-001 / Primary experience object; UI semantic invariants,UX,MUST_NOT,P0,G3,C4,Information architecture review,UNASSESSED,PROVISIONAL_PENDING_P0_AUDIT
JAN-REQ-PROJ-012,"Lifecycle, cognitive, validity, confidence, technical loading, and temporal states shall remain semantically distinct in the UI.",JAN-RIWS-001 / UI-INV-003; Loading and Data State Model,UX,MUST,P0,G3,C4,Component semantic tests,UNASSESSED,PROVISIONAL_PENDING_P0_AUDIT
JAN-REQ-PROJ-013,Disabled or rejected commands shall explain the professional reason and required remediation.,JAN-RIWS-001 / UI-INV-020; Command Model,UX,MUST,P1,G3,C4,Disabled-command tests,UNASSESSED,PROVISIONAL_PENDING_P0_AUDIT
JAN-REQ-PROJ-014,"Graphs, matrices, and complex canvases shall provide accessible structured alternatives; color shall not be the sole carrier of meaning.",JAN-RIWS-001 / Accessibility Requirements; UI-INV-016,Accessibility,MUST,P0,G3,C4,Automated and manual accessibility tests,UNASSESSED,PROVISIONAL_PENDING_P0_AUDIT
JAN-REQ-PROJ-015,Completion readiness shall expose individual professional conditions and shall not be represented solely as a generic percentage.,JAN-RIWS-001 / Completion Readiness; UI prohibitions,UX,MUST,P0,G3,C4,Completion readiness test,UNASSESSED,PROVISIONAL_PENDING_P0_AUDIT
JAN-REQ-PROJ-016,"AI contributions shall remain visibly attributable, proposed by default, evidence-bearing, confidence-qualified, and reviewable.",JAN-RIWS-001 / AI Participation Interface; UI-INV-004,AI UX,MUST,P0,G4,C5,AI contribution acceptance test,UNASSESSED,PROVISIONAL_PENDING_P0_AUDIT
JAN-REQ-PROJ-017,"Professional attention shall be durable, context-bearing, authority-aware, prioritized by consequence, and disposition-required.",JAN-RIWS-001 / Professional Attention Workspace,Attention,MUST,P0,G6,C8,Attention lifecycle tests,UNASSESSED,PROVISIONAL_PENDING_P0_AUDIT
JAN-REQ-PROJ-018,Routes and screens shall be treated as addressable projections over one semantic model rather than separate domain modules.,JAN-JCUX-001 / Route model; Shared Screen Invariants,UX Architecture,MUST,P1,G3,C4,Route/projection architecture review,UNASSESSED,PROVISIONAL_PENDING_P0_AUDIT
JAN-REQ-JSDL-001,"JSDL shall be the canonical machine-readable source for entities, relationships, aggregates, lifecycles, commands, events, invariants, validators, permissions, projections, and observability metadata.",JAN-JSDL-001 / Purpose and canonical modules,Semantic Tooling,MUST,P0,G1,C1,Compiler input coverage test,UNASSESSED,PROVISIONAL_PENDING_P0_AUDIT
JAN-REQ-JSDL-002,"The compiler shall separate parsing, module resolution, symbol resolution, type checking, semantic validation, IR generation, and target generation.",JAN-JSDLC-001 / End-to-End Compilation Pipeline,Compiler,MUST,P0,G1,C1,Package dependency and phase tests,UNASSESSED,PROVISIONAL_PENDING_P0_AUDIT
JAN-REQ-JSDL-003,"Compilation and generation shall be deterministic, reproducible, and source-mapped.",JAN-JSDLC-001 / Deterministic Compilation; Source Mapping,Compiler,MUST,P0,G1,C1,Golden and reproducibility tests,UNASSESSED,PROVISIONAL_PENDING_P0_AUDIT
JAN-REQ-JSDL-004,"The invariant expression language shall be constrained, deterministic, and incapable of arbitrary filesystem, network, process, or code execution.",JAN-JSDLC-001 / Expression Language; Security Requirements,Compiler Security,MUST,P0,G1,C1,Expression sandbox and fuzz tests,UNASSESSED,PROVISIONAL_PENDING_P0_AUDIT
JAN-REQ-JSDL-005,"Module imports, aliases, versions, and symbols shall resolve explicitly and ambiguities shall fail compilation rather than resolve by order.",JAN-JSDLC-001 / Module Resolution; Symbol Model,Compiler,MUST,P0,G1,C1,Resolution conformance suite,UNASSESSED,PROVISIONAL_PENDING_P0_AUDIT
JAN-REQ-JSDL-006,Generators shall consume only validated canonical IR and shall not reinterpret unresolved source or introduce new professional semantics.,JAN-JSDLC-001 / Generator Interface and Isolation,Compiler,MUST,P0,G1,C1,Generator boundary tests,UNASSESSED,PROVISIONAL_PENDING_P0_AUDIT
JAN-REQ-JSDL-007,"Generated contracts shall include stable semantic identity, module and model version, and source traceability.",JAN-JSDL-001 / Source Mapping and Generated File Contract,Generated Contracts,MUST,P1,G1,C1,Generated header/manifest tests,UNASSESSED,PROVISIONAL_PENDING_P0_AUDIT
JAN-REQ-JSDL-008,The compiler shall classify semantic model changes for compatibility and shall detect breaking changes.,JAN-JSDL-001 / Versioning; Model Diff,Compiler,MUST,P1,G1,C1,Model-diff tests,UNASSESSED,PROVISIONAL_PENDING_P0_AUDIT
JAN-REQ-JSDL-009,"PWA extensions shall preserve canonical identity, semantics, and invariants and shall not weaken them.",JAN-JSDL-001 / Extension Model,PWA Governance,MUST,P0,G7,C9,Extension safety tests,UNASSESSED,PROVISIONAL_PENDING_P0_AUDIT
JAN-REQ-JSDL-010,"Compiler diagnostics shall be stable, structured, source-located, and actionable.",JAN-JSDLC-001 / Diagnostic Model and Quality Requirements,Compiler UX,MUST,P1,G1,C1,Diagnostic fixture suite,UNASSESSED,PROVISIONAL_PENDING_P0_AUDIT
JAN-REQ-JEM-001,A state change shall become authoritative only through the defined command handling pipeline and successful atomic commit.,JAN-JEM-001 / Central Execution Principle; Command Handling Pipeline,Runtime,MUST,P0,G2,C3,Command acceptance integration test,UNASSESSED,PROVISIONAL_PENDING_P0_AUDIT
JAN-REQ-JEM-002,"Authority shall be evaluated at command execution time using current principal, participant, delegation, scope, state, policy, and constraints.",JAN-JEM-001 / Sections 7–8; JEM-INV-002,Runtime Governance,MUST,P0,G2,C3,Authority execution-time tests,UNASSESSED,PROVISIONAL_PENDING_P0_AUDIT
JAN-REQ-JEM-003,"Aggregate state, version increment, immutable events, command result, and idempotency record shall commit atomically.",JAN-JEM-001 / Section 16; JEM-INV-003,Runtime,MUST,P0,G2,C3,Transactional failure-injection tests,UNASSESSED,PROVISIONAL_PENDING_P0_AUDIT
JAN-REQ-JEM-004,"Committed events shall be immutable and totally ordered per aggregate version; cross-aggregate order shall use causation, correlation, and process state.",JAN-JEM-001 / Sections 17–18; JEM-INV-004,Events,MUST,P0,G2,C3,Event ordering and immutability tests,UNASSESSED,PROVISIONAL_PENDING_P0_AUDIT
JAN-REQ-JEM-005,"Externally initiated material commands shall be idempotent, and duplicate delivery shall not duplicate semantic state transitions.",JAN-JEM-001 / Section 11 — Idempotency,Runtime,MUST,P0,G2,C3,Duplicate-command tests,UNASSESSED,PROVISIONAL_PENDING_P0_AUDIT
JAN-REQ-JEM-006,Stale commands shall not silently overwrite current state; conflicts shall return current version and a professional disposition.,JAN-JEM-001 / Section 10; JEM-INV-005,Concurrency,MUST,P0,G2,C3,Optimistic concurrency test,UNASSESSED,PROVISIONAL_PENDING_P0_AUDIT
JAN-REQ-JEM-007,"Validators shall be side-effect free with respect to authoritative state and shall return explicit pass, fail, conditional, inconclusive, or not-applicable results.",JAN-JEM-001 / Sections 13–15; JEM-INV-006,Validation Runtime,MUST,P0,G2,C3,Validator contract tests,UNASSESSED,PROVISIONAL_PENDING_P0_AUDIT
JAN-REQ-JEM-008,"Long-running human, external, timer, and evidence waits shall be represented durably and shall survive runtime restart.","JAN-JEM-001 / Sections 21, 30–31; JEM-INV-007/009",Durable Process,MUST,P0,G5,C6,Restart recovery tests,UNASSESSED,PROVISIONAL_PENDING_P0_AUDIT
JAN-REQ-JEM-009,"AI executions shall be durable, attributable, scope- and authority-bounded, and their outputs shall be proposed by default.",JAN-JEM-001 / Sections 25–26; JEM-INV-008,AI Runtime,MUST,P0,G8,C10,Agent execution contract tests,UNASSESSED,PROVISIONAL_PENDING_P0_AUDIT
JAN-REQ-JEM-010,"External operations shall use durable records, idempotency or status inquiry, and saga or compensation semantics when atomicity is unavailable.",JAN-JEM-001 / Sections 32–33,Integration Runtime,MUST,P1,G8,C10,External operation failure tests,UNASSESSED,PROVISIONAL_PENDING_P0_AUDIT
JAN-REQ-JEM-011,"Retries shall distinguish transient technical failure from repeated professional reasoning, and no-progress shall trigger tactic change or escalation.",JAN-JEM-001 / Sections 27–29,Coordination Runtime,MUST,P0,G5,C6,Retry/no-progress tests,UNASSESSED,PROVISIONAL_PENDING_P0_AUDIT
JAN-REQ-JEM-012,Reconciliation changes shall be applied through normal semantic commands and shall not bypass aggregate invariants.,JAN-JEM-001 / Section 34; JEM-INV-011,Reconciliation Runtime,MUST,P0,G6,C8,Reconciliation application tests,UNASSESSED,PROVISIONAL_PENDING_P0_AUDIT
JAN-REQ-JEM-013,"Cross-aggregate coherence shall be maintained through commands, events, processes, validators, reconciliation, and explicit temporary incoherence rather than hidden distributed mutation.",JAN-JEM-001 / Section 35 — Cross-Aggregate Consistency,Runtime,MUST,P0,G6,C8,Cross-aggregate scenario tests,UNASSESSED,PROVISIONAL_PENDING_P0_AUDIT
JAN-REQ-JEM-014,"Authoritative objects and events shall identify semantic model versions, and upgrades shall support migration, upcasting, projection rebuild, or explicit incompatibility handling.",JAN-JEM-001 / Sections 45–47; JEM-INV-016,Versioning,MUST,P1,G2,C3,Model upgrade and event upcast tests,UNASSESSED,PROVISIONAL_PENDING_P0_AUDIT
JAN-REQ-JEM-015,All authoritative and derived runtime state shall be tenant-scoped and organization boundaries shall require explicit policy.,JAN-JEM-001 / Section 48; JEM-INV-018,Security,MUST,P0,G2,C3,Tenant isolation tests,UNASSESSED,PROVISIONAL_PENDING_P0_AUDIT
JAN-REQ-JEM-016,"Material state shall preserve provenance and append-only or tamper-evident audit across commands, authority, AI execution, exceptions, reconciliation, and administration.",JAN-JEM-001 / Sections 49–50,Audit,MUST,P0,G2,C3,Audit chain tests,UNASSESSED,PROVISIONAL_PENDING_P0_AUDIT
JAN-REQ-JEM-017,Replay and projection rebuild shall not repeat external side effects and shall deterministically reconstruct state under the applicable model version.,JAN-JEM-001 / Sections 53–54; JEM-INV-017,Recovery,MUST,P0,G9,C11,Replay safety tests,UNASSESSED,PROVISIONAL_PENDING_P0_AUDIT
JAN-REQ-JEM-018,"Backpressure, budgets, safe stop, and recursive expansion limits shall protect authoritative processing without fabricating completion or silently truncating work.",JAN-JEM-001 / Sections 64–67,Resource Governance,MUST,P0,G8,C10,"Saturation, budget, and safe-stop tests",UNASSESSED,PROVISIONAL_PENDING_P0_AUDIT
JAN-REQ-OPS-001,"PostgreSQL authoritative state, committed events, and the transactional outbox shall implement the single-node authoritative boundary.","JAN-JSRP-001 / Sections 7, 12, 15–16; JSRP-INV-001/002",Runtime Profile,MUST,P0,G2,C3,Database transaction integration tests,UNASSESSED,PROVISIONAL_PENDING_P0_AUDIT
JAN-REQ-OPS-002,"Projection tables shall remain derived, checkpointed, idempotently updated, stale-aware, and rebuildable.",JAN-JSRP-001 / Sections 18–19; JSRP-INV-003,Projection Runtime,MUST,P0,G3,C4,Projection rebuild and lag tests,UNASSESSED,PROVISIONAL_PENDING_P0_AUDIT
JAN-REQ-OPS-003,"Process, RPH, timer, agent, external-operation, and attention state shall survive process or container restart.","JAN-JSRP-001 / Sections 20–25, 48; JSRP-INV-004/005",Durability,MUST,P0,G5,C6,Restart and lease recovery tests,UNASSESSED,PROVISIONAL_PENDING_P0_AUDIT
JAN-REQ-OPS-004,Tenant isolation shall be enforced through application scoping and PostgreSQL row-level security where practical.,JAN-JSRP-001 / Section 9; JSRP-INV-006,Security,MUST,P0,G2,C3,Cross-tenant access tests,UNASSESSED,PROVISIONAL_PENDING_P0_AUDIT
JAN-REQ-OPS-005,"Sandbox execution shall isolate CPU, memory, storage, time, process count, network, filesystem, secrets, and artifacts and shall prohibit host-control access by default.",JAN-JSRP-001 / Section 28; JSRP-INV-007,Sandbox Security,MUST,P0,G8,C10,Sandbox escape and policy tests,UNASSESSED,PROVISIONAL_PENDING_P0_AUDIT
JAN-REQ-OPS-006,Agent and sandbox workloads shall not exhaust resources required for authoritative command processing and PostgreSQL.,JAN-JSRP-001 / Sections 44–46; JSRP-INV-008,Resource Governance,MUST,P0,G8,C10,Resource saturation tests,UNASSESSED,PROVISIONAL_PENDING_P0_AUDIT
JAN-REQ-OPS-007,"Capability-specific degradation, projection staleness, queue saturation, and dependency failure shall be observable.",JAN-JSRP-001 / Sections 41–47; JSRP-INV-009,Operations,MUST,P1,G9,C11,Degraded-mode and telemetry tests,UNASSESSED,PROVISIONAL_PENDING_P0_AUDIT
JAN-REQ-OPS-008,"Recoverable backups shall exist off-host, shall include PostgreSQL, object storage, configuration, semantic sources, and secrets under separate protection, and shall be restore-tested.",JAN-JSRP-001 / Sections 49–52; JSRP-INV-010,Recovery,MUST,P0,G9,C11,Restore drill evidence,UNASSESSED,PROVISIONAL_PENDING_P0_AUDIT
JAN-REQ-OPS-009,"The runtime shall verify at startup that deployed JSDL contracts, semantic model fingerprints, database versions, and migrations are compatible.",JAN-JSRP-001 / Section 60; JSRP-INV-011,Deployment Governance,MUST,P0,G9,C11,Startup compatibility tests,UNASSESSED,PROVISIONAL_PENDING_P0_AUDIT
JAN-REQ-OPS-010,Administrative recovery and override actions shall be audited and shall not use direct semantic row editing as a normal operating procedure.,"JAN-JSRP-001 / Sections 63, 65; JSRP-INV-014",Operations Governance,MUST,P0,G9,C11,Administrative audit tests,UNASSESSED,PROVISIONAL_PENDING_P0_AUDIT
JAN-REQ-OPS-011,The single-node profile shall explicitly disclose that it does not provide host-failure high availability.,"JAN-JSRP-001 / Sections 52, 73; JSRP-INV-015",Availability,MUST,P1,G9,C11,Deployment documentation review,UNASSESSED,PROVISIONAL_PENDING_P0_AUDIT
JAN-REQ-OPS-012,"The implementation shall preserve explicit service boundaries, versioned contracts, idempotency, leases, checkpoints, and outbox semantics to support later distribution.",JAN-JSRP-001 / Sections 69–71,Evolution,MUST,P1,G9,C11,Architecture conformance review,UNASSESSED,PROVISIONAL_PENDING_P0_AUDIT
JAN-REQ-JCODE-001,"JanumiCode shall optimize for realized software-enabled outcomes rather than code, pull requests, builds, or deployments as ends in themselves.",JAN-JCPWA-001 / Sections 2 and 5,PWA Semantics,MUST,P0,G7,C9,End-to-end outcome trace scenario,UNASSESSED,PROVISIONAL_PENDING_P0_AUDIT
JAN-REQ-JCODE-002,"Materially ambiguous product intent shall be formalized through questions, assumptions, scope, outcomes, and non-goals before unrestricted implementation begins.",JAN-JCPWA-001 / Sections 11 and 75.1,Product Definition,MUST,P0,G7,C9,Intent formalization scenario,UNASSESSED,PROVISIONAL_PENDING_P0_AUDIT
JAN-REQ-JCODE-003,Every accepted requirement shall trace to intent or authorized obligation and shall identify a verification or validation method.,JAN-JCPWA-001 / Requirement invariants; JCODE-REQ-INV-001/002,Requirements,MUST,P0,G7,C9,Requirement conformance tests,UNASSESSED,PROVISIONAL_PENDING_P0_AUDIT
JAN-REQ-JCODE-004,Vague quality attributes shall be interpreted or made measurable rather than remain as unqualified adjectives.,JAN-JCPWA-001 / Requirement invariants; JCODE-REQ-INV-004,Requirements,MUST,P1,G7,C9,Requirement quality validator tests,UNASSESSED,PROVISIONAL_PENDING_P0_AUDIT
JAN-REQ-JCODE-005,"User journeys shall trace to requirements, capabilities, experience representations, verification, and operational observation.",JAN-JCPWA-001 / Section 21 — User Journey Model,Product Definition,MUST,P1,G7,C9,Journey trace test,UNASSESSED,PROVISIONAL_PENDING_P0_AUDIT
JAN-REQ-JCODE-006,"Material architecture decisions shall preserve context, alternatives, criteria, evidence, assumptions, constraints, trade-offs, consequences, and revisit triggers.",JAN-JCPWA-001 / Section 23 — Architecture Model,Architecture,MUST,P0,G7,C9,Architecture decision scenario,UNASSESSED,PROVISIONAL_PENDING_P0_AUDIT
JAN-REQ-JCODE-007,"Material architecture drift shall receive explicit disposition through implementation correction, architecture revision, authorized exception, temporary incoherence, or reconciliation.",JAN-JCPWA-001 / Section 24 — Architecture Drift,Architecture,MUST,P0,G7,C9,Drift detection and disposition test,UNASSESSED,PROVISIONAL_PENDING_P0_AUDIT
JAN-REQ-JCODE-008,"Material data and interface models shall define ownership, authority, classification, compatibility, lifecycle, security, observability, and migration obligations as applicable.",JAN-JCPWA-001 / Sections 25–26,Architecture,MUST,P1,G7,C9,Data/interface model validators,UNASSESSED,PROVISIONAL_PENDING_P0_AUDIT
JAN-REQ-JCODE-009,Security and privacy shall be integrated throughout product realization rather than treated only as terminal reviews.,JAN-JCPWA-001 / Section 27 — Security and Privacy Model,Security,MUST,P0,G7,C9,Security trace and gate tests,UNASSESSED,PROVISIONAL_PENDING_P0_AUDIT
JAN-REQ-JCODE-010,"Critical product, domain, data, security, architectural, and operational invariants shall identify specification, implementation, verification, and observation strategies.",JAN-JCPWA-001 / Sections 28–29; JCODE-INV-012/018,Assurance,MUST,P0,G7,C9,Invariant coverage tests,UNASSESSED,PROVISIONAL_PENDING_P0_AUDIT
JAN-REQ-JCODE-011,"Implementation plans shall preserve intent, requirements, architecture, invariants, dependencies, validation, rollout, rollback, and observability, and should favor professionally coherent vertical slices.",JAN-JCPWA-001 / Section 30 — Implementation Plan,Implementation,MUST,P1,G7,C9,Plan validator and vertical-slice review,UNASSESSED,PROVISIONAL_PENDING_P0_AUDIT
JAN-REQ-JCODE-012,"Every coding-agent execution shall receive an explicit professional contract containing objective, intent, scope, non-goals, requirements, architecture, invariants, constraints, validations, completion, and escalation conditions.",JAN-JCPWA-001 / Section 31 — Coding-Agent Contract,AI Engineering,MUST,P0,G8,C10,Agent input contract tests,UNASSESSED,PROVISIONAL_PENDING_P0_AUDIT
JAN-REQ-JCODE-013,"Coding agents shall not silently broaden scope, replace intent, invent approval, suppress tests, weaken constraints, change public contracts, or claim completion from compilation or code generation alone.",JAN-JCPWA-001 / Coding-Agent Prohibitions; JCODE-INV-006/014/020,AI Engineering,MUST_NOT,P0,G8,C10,Adversarial agent acceptance tests,UNASSESSED,PROVISIONAL_PENDING_P0_AUDIT
JAN-REQ-JCODE-014,"Repository, code, documentation, tests, and operational behavior shall be treated as evidence-bearing representations requiring reconciliation rather than any one being automatically authoritative.",JAN-JCPWA-001 / Architecture Drift; JCODE-INV-016/017,Reconciliation,MUST,P0,G7,C9,Brownfield reconciliation scenario,UNASSESSED,PROVISIONAL_PENDING_P0_AUDIT
JAN-REQ-JCODE-015,"Material software changes shall trace to approved scope or authorized incident action and shall preserve implementation rationale, affected representations, tests, risk, and provenance.",JAN-JCPWA-001 / Sections 34 and 73; JCODE-INV-004,Implementation,MUST,P0,G7,C9,Change traceability tests,UNASSESSED,PROVISIONAL_PENDING_P0_AUDIT
JAN-REQ-JCODE-016,"Verification shall trace requirements and invariants to methods, results, evidence, environments, failures, and waivers; inconclusive shall not be treated as pass.",JAN-JCPWA-001 / Sections 36–38,Verification,MUST,P0,G7,C9,Verification matrix and waiver tests,UNASSESSED,PROVISIONAL_PENDING_P0_AUDIT
JAN-REQ-JCODE-017,"Release readiness shall evaluate scope coherence, verification, security, migration, operations, observability, support, residual risk, and rollback readiness.",JAN-JCPWA-001 / Section 41 — Release Model,Release,MUST,P0,G7,C9,Release gate scenario,UNASSESSED,PROVISIONAL_PENDING_P0_AUDIT
JAN-REQ-JCODE-018,"Deployment success shall remain distinct from release acceptance and outcome achievement, and production observation shall feed requirement, architecture, invariant, risk, and reconciliation state.",JAN-JCPWA-001 / Sections 42–43; JCODE-INV-009,Operations,MUST,P0,G7,C9,Deployment/observation scenario,UNASSESSED,PROVISIONAL_PENDING_P0_AUDIT
JAN-REQ-JCODE-019,"Production incidents shall preserve timeline, claims, evidence, decisions, containment, remediation, recovery validation, residual risk, follow-on work, and reconciliation; service restoration alone shall not close the incident.",JAN-JCPWA-001 / Section 44 — Production Incident Model,Incident,MUST,P0,G7,C9,Incident closure acceptance test,UNASSESSED,PROVISIONAL_PENDING_P0_AUDIT
JAN-REQ-JCODE-020,"The JanumiCode Product Realization Map shall support traceability from intent and outcome through journey, requirement, architecture, change, verification, release, observation, and reconciliation.",JAN-JCPWA-001 / Sections 39 and 55,Traceability UX,MUST,P0,G7,C9,Critical acceptance journey 1,UNASSESSED,PROVISIONAL_PENDING_P0_AUDIT
JAN-REQ-JCODE-021,"The JanumiCode UI shall remain PWU- and cognition-centered and shall not become chat-first, file-tree-first, task-first, or a rigid waterfall.",JAN-JCPWA-001 / UI Prohibitions; JCODE-INV-020,UX,MUST_NOT,P0,G7,C9,Information architecture review,UNASSESSED,PROVISIONAL_PENDING_P0_AUDIT
JAN-REQ-JCODE-022,"CI/CD and repository events shall be normalized into explicit actions, artifacts, observations, evidence, validations, and reconciliation triggers rather than treated as professional completion.","JAN-JCPWA-001 / Sections 40, 66–68",Integration,MUST,P1,G7,C9,CI/CD normalization tests,UNASSESSED,PROVISIONAL_PENDING_P0_AUDIT
