requirement_id,gate,family,criticality,strength,normative_statement,source_document,source_clause,verification_method,baseline_status,current_behavior,implementation_references,verification_references,evidence_references,coverage_limits,discrepancy_classification,discrepancy_id,deviation_id,confidence,assessor,reviewer_disposition,reviewer,notes
JAN-REQ-GOV-001,G0,GOV,P0,MUST,Every material capability shall contribute to a professional outcome rather than optimize artifact production as an end in itself.,JAN-CONST-001,Article I — Outcome Primacy,Architecture review; outcome trace audit,UNASSESSED,,,,,,,,,UNKNOWN,,NOT_REVIEWED,,
JAN-REQ-GOV-002,G1,GOV,P0,MUST,"Every material representation, decision, action, and PWU shall remain traceable to originating intent or an explicitly authorized exploratory purpose.",JAN-CONST-001,Article II; Article V,Traceability query and conformance test,UNASSESSED,,,,,,,,,UNKNOWN,,NOT_REVIEWED,,
JAN-REQ-GOV-003,G3,GOV,P0,MUST,"The platform shall support professional reasoning, not merely information storage, task execution, or artifact management.",JAN-CONST-001,Article III — Professional Reasoning,UX review; scenario test; semantic model audit,UNASSESSED,,,,,,,,,UNKNOWN,,NOT_REVIEWED,,
JAN-REQ-GOV-004,G4,GOV,P0,MUST,"Claims, confidence, assumptions, alternatives, and supporting or contradicting evidence shall remain explicit and inspectable.",JAN-CONST-001,Article IV — Evidence,Projection contract tests; decision scenario,UNASSESSED,,,,,,,,,UNKNOWN,,NOT_REVIEWED,,
JAN-REQ-GOV-005,G2,GOV,P0,MUST,"Professional reasoning shall remain reconstructable across time, participants, and revisions.",JAN-CONST-001,Article V — Traceability,Event/history replay test; provenance audit,UNASSESSED,,,,,,,,,UNKNOWN,,NOT_REVIEWED,,
JAN-REQ-GOV-006,G1,GOV,P0,MUST,"Professional representations shall be persistent, computable, observable, versioned, composable, and reconcilable.",JAN-CONST-001,Article VI — External Cognition,Schema and model conformance tests,UNASSESSED,,,,,,,,,UNKNOWN,,NOT_REVIEWED,,
JAN-REQ-GOV-007,G5,GOV,P0,MUST,Professional reasoning shall be recursively composable without violating reconstructability.,JAN-CONST-001,Article VII — Recursive Composition,Decomposition/recomposition acceptance journey,UNASSESSED,,,,,,,,,UNKNOWN,,NOT_REVIEWED,,
JAN-REQ-GOV-008,G6,GOV,P0,MUST,Organizational coherence shall be maintained through continuous reconciliation rather than episodic repair alone.,JAN-CONST-001,Article VIII — Continuous Reconciliation,Reconciliation trigger and application tests,UNASSESSED,,,,,,,,,UNKNOWN,,NOT_REVIEWED,,
JAN-REQ-GOV-009,G6,GOV,P1,MUST,Organizational memory shall preserve reasoning and rationale rather than only artifacts.,JAN-CONST-001,Article IX — Organizational Memory,Narrative/source trace test; history inspection,UNASSESSED,,,,,,,,,UNKNOWN,,NOT_REVIEWED,,
JAN-REQ-GOV-010,G8,GOV,P0,MUST,"AI participants shall remain subject to traceability, observability, evidence, validation, accountability, and reconciliation obligations.",JAN-CONST-001,Article X — Human–AI Partnership,Agent provenance and authority tests,UNASSESSED,,,,,,,,,UNKNOWN,,NOT_REVIEWED,,
JAN-REQ-GOV-011,G2,GOV,P1,MUST,Professional cognition and computational execution shall both be observable.,JAN-CONST-001,Article XI — Observability,OpenTelemetry contract tests; cognitive metric review,UNASSESSED,,,,,,,,,UNKNOWN,,NOT_REVIEWED,,
JAN-REQ-GOV-012,G0,GOV,P0,MUST,Lower-level profiles and implementations shall specialize but shall not contradict higher-authority semantic documents.,JAN-CONST-001,Applicability and closing principle,Document dependency review; model diff policy,UNASSESSED,,,,,,,,,UNKNOWN,,NOT_REVIEWED,,
JAN-REQ-GOV-013,G0,GOV,P0,MUST,"Conflicts among code, documentation, and observed behavior shall be classified and reconciled; neither code nor documentation shall be assumed correct by default.",JAN-SEH-001,Reconciliation capability; architecture drift principles,Baseline discrepancy register and disposition review,UNASSESSED,,,,,,,,,UNKNOWN,,NOT_REVIEWED,,
JAN-REQ-GOV-014,G0,GOV,P1,MUST,"Dates, staffing, estimates, and sprint assignments shall be maintained in a mutable operating plan and shall not redefine normative capability gates.",JAN-RMAP-001,Roadmap governance rule,Roadmap/operating-plan separation review,UNASSESSED,,,,,,,,,UNKNOWN,,NOT_REVIEWED,,
JAN-REQ-SEM-001,G1,SEM,P0,MUST,"Every canonical entity shall possess a stable globally unique identity that survives renaming, revision, and reassignment.",JAN-CPCO-001,Section 4.1 — Identity,Schema test; identity persistence test,UNASSESSED,,,,,,,,,UNKNOWN,,NOT_REVIEWED,,
JAN-REQ-SEM-002,G1,SEM,P1,MUST,Every entity shall declare a canonical entity type; domain subtypes shall preserve base semantics.,JAN-CPCO-001,Section 4.2 — Type,Type-system conformance tests,UNASSESSED,,,,,,,,,UNKNOWN,,NOT_REVIEWED,,
JAN-REQ-SEM-003,G1,SEM,P0,MUST,Mutable entities shall be versioned and historical versions shall remain reconstructable where required.,JAN-CPCO-001,Section 4.3 — Version,Version-history test; replay test,UNASSESSED,,,,,,,,,UNKNOWN,,NOT_REVIEWED,,
JAN-REQ-SEM-004,G1,SEM,P0,MUST,"Material entities and relationships shall record provenance, including human, AI, imported, derived, observed, and reconciled origin.",JAN-CPCO-001,Section 4.4 — Provenance; INV-002; INV-003,Provenance completeness tests,UNASSESSED,,,,,,,,,UNKNOWN,,NOT_REVIEWED,,
JAN-REQ-SEM-005,G1,SEM,P0,MUST,"Lifecycle state, validity state, and relevant temporal context shall be explicit and shall not be inferred from null or missing values.",JAN-CPCO-001,Sections 4.5–4.7; INV-007,Schema and invariant tests,UNASSESSED,,,,,,,,,UNKNOWN,,NOT_REVIEWED,,
JAN-REQ-SEM-006,G4,SEM,P0,MUST,AI participants shall be represented explicitly and AI-originated cognition shall not be attributed to humans.,JAN-CPCO-001,Section 5.5 — Participant; INV-003,Projection and provenance tests,UNASSESSED,,,,,,,,,UNKNOWN,,NOT_REVIEWED,,
JAN-REQ-SEM-007,G4,SEM,P1,MUST,Questions and uncertainties shall be first-class entities and shall drive professional work and decision readiness.,JAN-CPCO-001,Sections 5.6–5.7,Scenario test; query contract test,UNASSESSED,,,,,,,,,UNKNOWN,,NOT_REVIEWED,,
JAN-REQ-SEM-008,G1,SEM,P1,MUST,Every representation shall declare what it represents and its professional purpose.,JAN-CPCO-001,Section 5.8 — Representation,Representation validator test,UNASSESSED,,,,,,,,,UNKNOWN,,NOT_REVIEWED,,
JAN-REQ-SEM-009,G4,SEM,P0,MUST,"Critical assumptions shall be explicit and linked to dependent reasoning, decisions, and work.",JAN-CPCO-001,Section 5.9; INV-005,Assumption impact test,UNASSESSED,,,,,,,,,UNKNOWN,,NOT_REVIEWED,,
JAN-REQ-SEM-010,G4,SEM,P0,MUST,Mandatory constraints shall be evaluated before conflicting decisions or actions become effective unless an authorized exception exists.,JAN-CPCO-001,Section 5.10; INV-016,Authority/constraint integration test,UNASSESSED,,,,,,,,,UNKNOWN,,NOT_REVIEWED,,
JAN-REQ-SEM-011,G4,SEM,P0,MUST,"Claims shall remain distinct from evidence, and evidentiary support shall be represented by explicit typed relationships.",JAN-CPCO-001,Sections 5.11–5.12; INV-004,Claim-evidence relationship tests,UNASSESSED,,,,,,,,,UNKNOWN,,NOT_REVIEWED,,
JAN-REQ-SEM-012,G4,SEM,P1,MUST,"Confidence shall remain distinct from approval, priority, completion, certainty, and severity, and shall identify its basis.",JAN-CPCO-001,Section 5.13; INV-015,Semantic validator and UI test,UNASSESSED,,,,,,,,,UNKNOWN,,NOT_REVIEWED,,
JAN-REQ-SEM-013,G4,SEM,P1,MUST,Every completed reasoning activity shall identify outputs or explicitly record that no valid conclusion was produced.,JAN-CPCO-001,Section 5.14 — Reasoning Activity,Reasoning completion test,UNASSESSED,,,,,,,,,UNKNOWN,,NOT_REVIEWED,,
JAN-REQ-SEM-014,G4,SEM,P2,SHOULD,Materially considered alternatives that are rejected should retain rejection rationale.,JAN-CPCO-001,Section 5.15 — Alternative,Decision history review,UNASSESSED,,,,,,,,,UNKNOWN,,NOT_REVIEWED,,
JAN-REQ-SEM-015,G4,SEM,P0,MUST,A decision shall be represented as an authorized commitment under available knowledge and shall not be treated as truth.,JAN-CPCO-001,Section 5.16 — Decision,Semantic distinction test; UI acceptance test,UNASSESSED,,,,,,,,,UNKNOWN,,NOT_REVIEWED,,
JAN-REQ-SEM-016,G7,SEM,P1,MUST,An action shall remain distinct from the decision authorizing it and from the outcome it is intended to affect.,JAN-CPCO-001,Section 5.17 — Action,Traceability test,UNASSESSED,,,,,,,,,UNKNOWN,,NOT_REVIEWED,,
JAN-REQ-SEM-017,G4,SEM,P0,MUST,"Observation, interpretation, and derived claim shall remain distinguishable; an observation becomes evidence only through explicit use.",JAN-CPCO-001,Section 5.18; INV-010,Observation-evidence conversion test,UNASSESSED,,,,,,,,,UNKNOWN,,NOT_REVIEWED,,
JAN-REQ-SEM-018,G1,SEM,P1,MUST,Artifacts shall remain semantically distinct from the representations they embody.,JAN-CPCO-001,Section 5.19; Semantic Boundary Rules,Artifact/representation model test,UNASSESSED,,,,,,,,,UNKNOWN,,NOT_REVIEWED,,
JAN-REQ-SEM-019,G3,SEM,P1,MUST,"Dependencies shall be explicit, typed, directional, and status-bearing.",JAN-CPCO-001,Section 5.20 — Dependency,Dependency schema and blocker tests,UNASSESSED,,,,,,,,,UNKNOWN,,NOT_REVIEWED,,
JAN-REQ-SEM-020,G4,SEM,P0,MUST,"Validations shall be explicit entities with criteria, result, performer, and time.",JAN-CPCO-001,Section 5.23 — Validation; INV-009,Validation contract tests,UNASSESSED,,,,,,,,,UNKNOWN,,NOT_REVIEWED,,
JAN-REQ-SEM-021,G6,SEM,P0,MUST,Reconciliation shall preserve the prior state and the rationale for change.,JAN-CPCO-001,Section 5.24; INV-017,Before/after history test,UNASSESSED,,,,,,,,,UNKNOWN,,NOT_REVIEWED,,
JAN-REQ-SEM-022,G6,SEM,P1,MUST,Narrative memory shall identify its source entities and shall not silently invent missing rationale.,JAN-CPCO-001,Section 5.25 — Narrative Memory,Narrative grounding test,UNASSESSED,,,,,,,,,UNKNOWN,,NOT_REVIEWED,,
JAN-REQ-SEM-023,G4,SEM,P0,MUST,"Material semantic relationships and contradictions shall be first-class, versionable, provenance-bearing objects or typed relationships.",JAN-CPCO-001,Sections 6 and 13,Relationship and contradiction tests,UNASSESSED,,,,,,,,,UNKNOWN,,NOT_REVIEWED,,
JAN-REQ-SEM-024,G2,SEM,P1,MUST,"Transaction time, valid time, observation time, and decision effective time shall remain distinct where applicable.",JAN-CPCO-001,Section 14 — Temporal and Version Model,Temporal query tests,UNASSESSED,,,,,,,,,UNKNOWN,,NOT_REVIEWED,,
JAN-REQ-SEM-025,G2,SEM,P0,MUST,"Every material semantic transition shall emit a domain event with causation, correlation, provenance, and version context.",JAN-CPCO-001,Section 15 — Event Model,Event contract and trace tests,UNASSESSED,,,,,,,,,UNKNOWN,,NOT_REVIEWED,,
JAN-REQ-SEM-026,G1,SEM,P0,MUST,"The implementation shall preserve the canonical semantic boundary distinctions enumerated by CPCO, including Outcome ≠ Artifact, Claim ≠ Evidence, Decision ≠ Truth, and PWU ≠ Task.",JAN-CPCO-001,Section 23 — Semantic Boundary Rules,Semantic conformance suite,UNASSESSED,,,,,,,,,UNKNOWN,,NOT_REVIEWED,,
JAN-REQ-PWU-001,G3,PWU,P0,MUST,Each PWU shall possess exactly one active professionally meaningful objective.,JAN-PWU-001,PWU-INV-001,Aggregate invariant test,UNASSESSED,,,,,,,,,UNKNOWN,,NOT_REVIEWED,,
JAN-REQ-PWU-002,G3,PWU,P0,MUST,Each non-exploratory PWU shall trace to at least one active intent.,JAN-PWU-001,PWU-INV-002,Traceability test,UNASSESSED,,,,,,,,,UNKNOWN,,NOT_REVIEWED,,
JAN-REQ-PWU-003,G3,PWU,P0,MUST,"PWU scope, exclusions, and non-goals shall be explicit; material scope changes shall be versioned and impact-assessed.",JAN-PWU-001,Sections 7 and 17; PWU-INV-004,Scope-change command test,UNASSESSED,,,,,,,,,UNKNOWN,,NOT_REVIEWED,,
JAN-REQ-PWU-004,G3,PWU,P0,MUST,PWUs shall maintain lifecycle state and cognitive state as separate explicit dimensions.,JAN-PWU-001,Sections 8–10; PWU-INV-003,"Schema, API, and UI tests",UNASSESSED,,,,,,,,,UNKNOWN,,NOT_REVIEWED,,
JAN-REQ-PWU-005,G3,PWU,P0,MUST,"Material PWU lifecycle transitions shall be explicit, validated, authorized, evented, and rejected atomically when preconditions fail.",JAN-PWU-001,Section 11 — State Transition Rules,Transition conformance suite,UNASSESSED,,,,,,,,,UNKNOWN,,NOT_REVIEWED,,
JAN-REQ-PWU-006,G3,PWU,P0,MUST,A PWU shall satisfy the framing contract before it may become ready or active.,JAN-PWU-001,Section 12 — Framing Contract,Ready-state validator tests,UNASSESSED,,,,,,,,,UNKNOWN,,NOT_REVIEWED,,
JAN-REQ-PWU-007,G3,PWU,P1,MUST,"PWU participation shall be role-based, explicit, and capable of distinguishing ownership, coordination, review, validation, approval, and execution.",JAN-PWU-001,Section 13 — Participant and Role Model,Role/authority matrix tests,UNASSESSED,,,,,,,,,UNKNOWN,,NOT_REVIEWED,,
JAN-REQ-PWU-008,G3,PWU,P0,MUST,"External and imported inputs shall be treated as untrusted until parsed, normalized, validated, and accepted for use.",JAN-PWU-001,Section 14 — Input Model,Boundary validation tests,UNASSESSED,,,,,,,,,UNKNOWN,,NOT_REVIEWED,,
JAN-REQ-PWU-009,G3,PWU,P1,MUST,"Required outputs shall define semantic purpose, acceptance criteria, validation, authoritative status, and downstream consumers.",JAN-PWU-001,Section 15 — Output Model,Output contract tests,UNASSESSED,,,,,,,,,UNKNOWN,,NOT_REVIEWED,,
JAN-REQ-PWU-010,G4,PWU,P0,MUST,"Questions and uncertainties shall be modeled explicitly, including residual uncertainty accepted at completion.",JAN-PWU-001,Section 16 — Question and Uncertainty Model,Residual uncertainty scenario,UNASSESSED,,,,,,,,,UNKNOWN,,NOT_REVIEWED,,
JAN-REQ-PWU-011,G4,PWU,P0,MUST,"Critical assumptions and mandatory constraints shall be visible and evaluated at framing, decision, action authorization, completion, and reconciliation as applicable.",JAN-PWU-001,Section 17 — Assumptions and Constraints,Lifecycle assurance tests,UNASSESSED,,,,,,,,,UNKNOWN,,NOT_REVIEWED,,
JAN-REQ-PWU-012,G4,PWU,P1,MUST,"Reasoning activities shall record purpose, method, inputs, outputs, participant, assumptions introduced, limitations, and provenance.",JAN-PWU-001,Section 18 — Reasoning Activity Model,Reasoning record contract tests,UNASSESSED,,,,,,,,,UNKNOWN,,NOT_REVIEWED,,
JAN-REQ-PWU-013,G4,PWU,P1,MUST,"Claim, evidence, and confidence changes shall be explicit and confidence changes should preserve their basis and triggering evidence.",JAN-PWU-001,"Section 19 — Claim, Evidence, and Confidence Model",Confidence reassessment test,UNASSESSED,,,,,,,,,UNKNOWN,,NOT_REVIEWED,,
JAN-REQ-PWU-014,G4,PWU,P0,MUST,"Material decisions shall identify authority, alternatives, evidence, assumptions, constraints, rationale, and residual uncertainty.",JAN-PWU-001,Section 20 — Decision Model,Decision approval acceptance journey,UNASSESSED,,,,,,,,,UNKNOWN,,NOT_REVIEWED,,
JAN-REQ-PWU-015,G7,PWU,P0,MUST,Action completion shall remain distinct from PWU completion and outcome achievement.,JAN-PWU-001,Section 21 — Action Model,Execution/outcome distinction test,UNASSESSED,,,,,,,,,UNKNOWN,,NOT_REVIEWED,,
JAN-REQ-PWU-016,G6,PWU,P0,MUST,"Material observation variance shall trigger reconciliation when it conflicts with current claims, assumptions, representations, decisions, outcomes, or constraints.",JAN-PWU-001,Section 22 — Observation and Feedback Model,Observation-triggered reconciliation test,UNASSESSED,,,,,,,,,UNKNOWN,,NOT_REVIEWED,,
JAN-REQ-PWU-017,G3,PWU,P1,MUST,"Dependencies shall be explicit, typed, bidirectionally visible across PWUs, and capable of blocking advancement.",JAN-PWU-001,Section 23 — Dependency Model,Cross-PWU dependency tests,UNASSESSED,,,,,,,,,UNKNOWN,,NOT_REVIEWED,,
JAN-REQ-PWU-018,G4,PWU,P0,MUST,"Required validations shall be planned, criteria-bearing, authority-aware, and shall not treat inconclusive as pass.",JAN-PWU-001,Section 25 — Validation Model,Validation plan and inconclusive test,UNASSESSED,,,,,,,,,UNKNOWN,,NOT_REVIEWED,,
JAN-REQ-PWU-019,G6,PWU,P0,MUST,"Reconciliation shall identify triggers, affected entities and PWUs, prior state, proposed state, impact, and authority.",JAN-PWU-001,Section 26 — Reconciliation Model,Reconciliation case contract tests,UNASSESSED,,,,,,,,,UNKNOWN,,NOT_REVIEWED,,
JAN-REQ-PWU-020,G5,PWU,P0,MUST,"Each child PWU shall receive a delegation contract, and decomposition shall be based on professional meaning rather than UI or arbitrary task granularity.",JAN-PWU-001,Section 27 — Decomposition Model; PWU-INV-015,Child creation and delegation tests,UNASSESSED,,,,,,,,,UNKNOWN,,NOT_REVIEWED,,
JAN-REQ-PWU-021,G5,PWU,P0,MUST,A parent PWU with children shall perform recomposition before completion; child completion shall not imply parent coherence.,JAN-PWU-001,Section 28; PWU-INV-016,Recomposition-required acceptance journey,UNASSESSED,,,,,,,,,UNKNOWN,,NOT_REVIEWED,,
JAN-REQ-PWU-022,G3,PWU,P0,MUST,"PWU completion shall be condition-based and shall be rejected when mandatory validation, dependencies, constraints, contradictions, or recomposition remain unresolved.",JAN-PWU-001,Section 29; PWU-INV-007/008/018,Completion gate suite,UNASSESSED,,,,,,,,,UNKNOWN,,NOT_REVIEWED,,
JAN-REQ-PWU-023,G5,PWU,P1,MUST,"Failure, retry, tactic change, and escalation shall be classified distinctly and shall preserve attempted work, evidence, uncertainty, and recommended disposition.",JAN-PWU-001,"Section 30 — Failure, Tactic Change, and Escalation",Failure/tactic/escalation scenarios,UNASSESSED,,,,,,,,,UNKNOWN,,NOT_REVIEWED,,
JAN-REQ-PWU-024,G2,PWU,P0,MUST,Authoritative PWU state changes shall use semantic commands and immutable events rather than unrestricted generic mutation.,JAN-PWU-001,Sections 31–33; PWU-INV-020,Command/event integration tests,UNASSESSED,,,,,,,,,UNKNOWN,,NOT_REVIEWED,,
JAN-REQ-PWU-025,G2,PWU,P0,MUST,Material PWU commands shall use optimistic concurrency and shall reject stale expected versions rather than silently overwrite current state.,JAN-PWU-001,Section 31.3; acceptance scenario,Stale-command test,UNASSESSED,,,,,,,,,UNKNOWN,,NOT_REVIEWED,,
JAN-REQ-RPH-001,G5,RPH,P0,MUST,"An RPH shall frame, allocate, coordinate, monitor, validate, reconcile, synthesize, and escalate professional work while preserving intent and coherence.",JAN-RPH-001,Core responsibilities,RPH scenario and state tests,UNASSESSED,,,,,,,,,UNKNOWN,,NOT_REVIEWED,,
JAN-REQ-RPH-002,G5,RPH,P0,MUST,An RPH shall govern coordination and shall not directly own or silently rewrite the professional knowledge contained in PWUs.,JAN-RPH-001,What an RPH governs,Architecture boundary test,UNASSESSED,,,,,,,,,UNKNOWN,,NOT_REVIEWED,,
JAN-REQ-RPH-003,G5,RPH,P1,MUST,"Subordinate RPHs shall possess bounded purpose, scope, authority, completion conditions, and parent traceability.",JAN-RPH-001,Recursive composition and delegation,Child RPH contract tests,UNASSESSED,,,,,,,,,UNKNOWN,,NOT_REVIEWED,,
JAN-REQ-RPH-004,G5,RPH,P0,MUST,"RPH planning shall be continuous, explicit, and versioned; plans shall produce or propose commands rather than mutate PWUs directly.",JAN-JEM-001,Sections 22–23 — RPH lifecycle and planning,Plan revision and command boundary tests,UNASSESSED,,,,,,,,,UNKNOWN,,NOT_REVIEWED,,
JAN-REQ-RPH-005,G5,RPH,P1,MUST,"Allocation shall consider capability, authority, availability, risk, cost, independence, and tool access.",JAN-JEM-001,Section 24 — Work Allocation,Allocation policy tests,UNASSESSED,,,,,,,,,UNKNOWN,,NOT_REVIEWED,,
JAN-REQ-RPH-006,G5,RPH,P1,MUST,"RPH progress assessment shall measure professional progress such as uncertainty reduction, evidence sufficiency, validation, and synthesis rather than computational activity alone.",JAN-RPH-001,Monitoring progress; observability,Progress metric review,UNASSESSED,,,,,,,,,UNKNOWN,,NOT_REVIEWED,,
JAN-REQ-RPH-007,G5,RPH,P0,MUST,"Technical retry and professional tactic change shall remain distinct, and no-progress detection shall trigger tactic evaluation rather than blind repetition.",JAN-JEM-001,Sections 27–29; JEM-INV-013,Retry/tactic-change tests,UNASSESSED,,,,,,,,,UNKNOWN,,NOT_REVIEWED,,
JAN-REQ-RPH-008,G5,RPH,P0,MUST,"Escalation shall be explicit, authority-directed, and shall carry a complete professional escalation package.",JAN-RPH-001,Escalation,Escalation package acceptance test,UNASSESSED,,,,,,,,,UNKNOWN,,NOT_REVIEWED,,
JAN-REQ-RPH-009,G5,RPH,P0,MUST,RPH synthesis shall evaluate cross-child coherence and produce explicit synthesized professional entities before parent completion.,JAN-RPH-001,Synthesis,Synthesis and parent completion tests,UNASSESSED,,,,,,,,,UNKNOWN,,NOT_REVIEWED,,
JAN-REQ-RPH-010,G5,RPH,P1,MUST,"RPH coordination state, bottlenecks, tactic health, validation backlog, synthesis backlog, and escalation shall be observable.",JAN-RPH-001,Observability,Coordination projection and telemetry tests,UNASSESSED,,,,,,,,,UNKNOWN,,NOT_REVIEWED,,
JAN-REQ-RPH-011,G5,RPH,P0,MUST,"Human judgment points, authority gaps, legal, ethical, safety, and strategic trade-offs shall remain visible and reviewable.",JAN-RPH-001,Human interaction,Human-attention scenario,UNASSESSED,,,,,,,,,UNKNOWN,,NOT_REVIEWED,,
JAN-REQ-RPH-012,G8,RPH,P1,MUST,"Recursive expansion shall be governed by depth, concurrency, cost, time, and context limits and shall never silently truncate work.",JAN-JEM-001,Section 65 — Recursive Expansion Limits,Limit and escalation tests,UNASSESSED,,,,,,,,,UNKNOWN,,NOT_REVIEWED,,
JAN-REQ-PROJ-001,G3,PROJ,P0,MUST,"Every material projection shall be derived from authoritative semantic, PWU, RPH, lifecycle, role, authority, and purpose context.",JAN-CPM-001,Sections 2–3,Projection source contract tests,UNASSESSED,,,,,,,,,UNKNOWN,,NOT_REVIEWED,,
JAN-REQ-PROJ-002,G3,PROJ,P0,MUST,A projection shall not independently mutate or become an authoritative semantic source of truth.,JAN-CPM-001,PROJ-INV-001/002; PROJ-INV-018,Mutation boundary tests,UNASSESSED,,,,,,,,,UNKNOWN,,NOT_REVIEWED,,
JAN-REQ-PROJ-003,G4,PROJ,P0,MUST,"Material projections shall preserve access to provenance, confidence, uncertainty, contradiction, completeness, and filtering disclosures.",JAN-CPM-001,Projection invariants,Projection disclosure tests,UNASSESSED,,,,,,,,,UNKNOWN,,NOT_REVIEWED,,
JAN-REQ-PROJ-004,G3,PROJ,P0,MUST,"Current, historical, predicted, stale, partial, and offline states shall be explicitly distinguishable.",JAN-CPM-001,"PROJ-INV-007/013/014; Sections 17, 21",State-mode UI tests,UNASSESSED,,,,,,,,,UNKNOWN,,NOT_REVIEWED,,
JAN-REQ-PROJ-005,G3,PROJ,P0,MUST,"Available UI and agent commands shall derive from current role, authority, lifecycle, cognitive state, policy, and validation condition.",JAN-CPM-001,PROJ-INV-009; Projection-derived commands,Command availability tests,UNASSESSED,,,,,,,,,UNKNOWN,,NOT_REVIEWED,,
JAN-REQ-PROJ-006,G7,PROJ,P1,MUST,"Equivalent projections across web, desktop, mobile, IDE, and conversation shall preserve semantic continuity.",JAN-CPM-001,PROJ-INV-010; responsive profiles,Cross-surface conformance review,UNASSESSED,,,,,,,,,UNKNOWN,,NOT_REVIEWED,,
JAN-REQ-PROJ-007,G4,PROJ,P1,MUST,Calculated indicators and synthetic scores shall be explainable and navigable to their basis.,JAN-CPM-001,PROJ-INV-011; Analytical projections,Metric explanation tests,UNASSESSED,,,,,,,,,UNKNOWN,,NOT_REVIEWED,,
JAN-REQ-PROJ-008,G3,PROJ,P1,MUST,"Cross-projection navigation shall preserve professional context, temporal mode, selected entities, and originating path.",JAN-CPM-001,Section 22 — Cross-Projection Navigation,Critical navigation journey,UNASSESSED,,,,,,,,,UNKNOWN,,NOT_REVIEWED,,
JAN-REQ-PROJ-009,G7,PROJ,P1,MUST,The interface shall support cognitive zoom and cognitive time without losing intent and parent context.,JAN-CPM-001,Sections 20–21,Zoom/time acceptance tests,UNASSESSED,,,,,,,,,UNKNOWN,,NOT_REVIEWED,,
JAN-REQ-PROJ-010,G3,PROJ,P0,MUST,"The application shall implement a stable cognitive workspace shell with global context, local objective, primary projection, context inspector, and professional command region.",JAN-RIWS-001,Sections 4–10; Minimum Viable Workspace,Shell component and route tests,UNASSESSED,,,,,,,,,UNKNOWN,,NOT_REVIEWED,,
JAN-REQ-PROJ-011,G3,PROJ,P0,MUST_NOT,"The primary experience shall not be organized around chat, file hierarchy, task boards, or disconnected technical modules.",JAN-RIWS-001,Primary experience object; UI semantic invariants,Information architecture review,UNASSESSED,,,,,,,,,UNKNOWN,,NOT_REVIEWED,,
JAN-REQ-PROJ-012,G3,PROJ,P0,MUST,"Lifecycle, cognitive, validity, confidence, technical loading, and temporal states shall remain semantically distinct in the UI.",JAN-RIWS-001,UI-INV-003; Loading and Data State Model,Component semantic tests,UNASSESSED,,,,,,,,,UNKNOWN,,NOT_REVIEWED,,
JAN-REQ-PROJ-013,G3,PROJ,P1,MUST,Disabled or rejected commands shall explain the professional reason and required remediation.,JAN-RIWS-001,UI-INV-020; Command Model,Disabled-command tests,UNASSESSED,,,,,,,,,UNKNOWN,,NOT_REVIEWED,,
JAN-REQ-PROJ-014,G3,PROJ,P0,MUST,"Graphs, matrices, and complex canvases shall provide accessible structured alternatives; color shall not be the sole carrier of meaning.",JAN-RIWS-001,Accessibility Requirements; UI-INV-016,Automated and manual accessibility tests,UNASSESSED,,,,,,,,,UNKNOWN,,NOT_REVIEWED,,
JAN-REQ-PROJ-015,G3,PROJ,P0,MUST,Completion readiness shall expose individual professional conditions and shall not be represented solely as a generic percentage.,JAN-RIWS-001,Completion Readiness; UI prohibitions,Completion readiness test,UNASSESSED,,,,,,,,,UNKNOWN,,NOT_REVIEWED,,
JAN-REQ-PROJ-016,G4,PROJ,P0,MUST,"AI contributions shall remain visibly attributable, proposed by default, evidence-bearing, confidence-qualified, and reviewable.",JAN-RIWS-001,AI Participation Interface; UI-INV-004,AI contribution acceptance test,UNASSESSED,,,,,,,,,UNKNOWN,,NOT_REVIEWED,,
JAN-REQ-PROJ-017,G6,PROJ,P0,MUST,"Professional attention shall be durable, context-bearing, authority-aware, prioritized by consequence, and disposition-required.",JAN-RIWS-001,Professional Attention Workspace,Attention lifecycle tests,UNASSESSED,,,,,,,,,UNKNOWN,,NOT_REVIEWED,,
JAN-REQ-PROJ-018,G3,PROJ,P1,MUST,Routes and screens shall be treated as addressable projections over one semantic model rather than separate domain modules.,JAN-JCUX-001,Route model; Shared Screen Invariants,Route/projection architecture review,UNASSESSED,,,,,,,,,UNKNOWN,,NOT_REVIEWED,,
JAN-REQ-JSDL-001,G1,JSDL,P0,MUST,"JSDL shall be the canonical machine-readable source for entities, relationships, aggregates, lifecycles, commands, events, invariants, validators, permissions, projections, and observability metadata.",JAN-JSDL-001,Purpose and canonical modules,Compiler input coverage test,UNASSESSED,,,,,,,,,UNKNOWN,,NOT_REVIEWED,,
JAN-REQ-JSDL-002,G1,JSDL,P0,MUST,"The compiler shall separate parsing, module resolution, symbol resolution, type checking, semantic validation, IR generation, and target generation.",JAN-JSDLC-001,End-to-End Compilation Pipeline,Package dependency and phase tests,UNASSESSED,,,,,,,,,UNKNOWN,,NOT_REVIEWED,,
JAN-REQ-JSDL-003,G1,JSDL,P0,MUST,"Compilation and generation shall be deterministic, reproducible, and source-mapped.",JAN-JSDLC-001,Deterministic Compilation; Source Mapping,Golden and reproducibility tests,UNASSESSED,,,,,,,,,UNKNOWN,,NOT_REVIEWED,,
JAN-REQ-JSDL-004,G1,JSDL,P0,MUST,"The invariant expression language shall be constrained, deterministic, and incapable of arbitrary filesystem, network, process, or code execution.",JAN-JSDLC-001,Expression Language; Security Requirements,Expression sandbox and fuzz tests,UNASSESSED,,,,,,,,,UNKNOWN,,NOT_REVIEWED,,
JAN-REQ-JSDL-005,G1,JSDL,P0,MUST,"Module imports, aliases, versions, and symbols shall resolve explicitly and ambiguities shall fail compilation rather than resolve by order.",JAN-JSDLC-001,Module Resolution; Symbol Model,Resolution conformance suite,UNASSESSED,,,,,,,,,UNKNOWN,,NOT_REVIEWED,,
JAN-REQ-JSDL-006,G1,JSDL,P0,MUST,Generators shall consume only validated canonical IR and shall not reinterpret unresolved source or introduce new professional semantics.,JAN-JSDLC-001,Generator Interface and Isolation,Generator boundary tests,UNASSESSED,,,,,,,,,UNKNOWN,,NOT_REVIEWED,,
JAN-REQ-JSDL-007,G1,JSDL,P1,MUST,"Generated contracts shall include stable semantic identity, module and model version, and source traceability.",JAN-JSDL-001,Source Mapping and Generated File Contract,Generated header/manifest tests,UNASSESSED,,,,,,,,,UNKNOWN,,NOT_REVIEWED,,
JAN-REQ-JSDL-008,G1,JSDL,P1,MUST,The compiler shall classify semantic model changes for compatibility and shall detect breaking changes.,JAN-JSDL-001,Versioning; Model Diff,Model-diff tests,UNASSESSED,,,,,,,,,UNKNOWN,,NOT_REVIEWED,,
JAN-REQ-JSDL-009,G7,JSDL,P0,MUST,"PWA extensions shall preserve canonical identity, semantics, and invariants and shall not weaken them.",JAN-JSDL-001,Extension Model,Extension safety tests,UNASSESSED,,,,,,,,,UNKNOWN,,NOT_REVIEWED,,
JAN-REQ-JSDL-010,G1,JSDL,P1,MUST,"Compiler diagnostics shall be stable, structured, source-located, and actionable.",JAN-JSDLC-001,Diagnostic Model and Quality Requirements,Diagnostic fixture suite,UNASSESSED,,,,,,,,,UNKNOWN,,NOT_REVIEWED,,
JAN-REQ-JEM-001,G2,JEM,P0,MUST,A state change shall become authoritative only through the defined command handling pipeline and successful atomic commit.,JAN-JEM-001,Central Execution Principle; Command Handling Pipeline,Command acceptance integration test,UNASSESSED,,,,,,,,,UNKNOWN,,NOT_REVIEWED,,
JAN-REQ-JEM-002,G2,JEM,P0,MUST,"Authority shall be evaluated at command execution time using current principal, participant, delegation, scope, state, policy, and constraints.",JAN-JEM-001,Sections 7–8; JEM-INV-002,Authority execution-time tests,UNASSESSED,,,,,,,,,UNKNOWN,,NOT_REVIEWED,,
JAN-REQ-JEM-003,G2,JEM,P0,MUST,"Aggregate state, version increment, immutable events, command result, and idempotency record shall commit atomically.",JAN-JEM-001,Section 16; JEM-INV-003,Transactional failure-injection tests,UNASSESSED,,,,,,,,,UNKNOWN,,NOT_REVIEWED,,
JAN-REQ-JEM-004,G2,JEM,P0,MUST,"Committed events shall be immutable and totally ordered per aggregate version; cross-aggregate order shall use causation, correlation, and process state.",JAN-JEM-001,Sections 17–18; JEM-INV-004,Event ordering and immutability tests,UNASSESSED,,,,,,,,,UNKNOWN,,NOT_REVIEWED,,
JAN-REQ-JEM-005,G2,JEM,P0,MUST,"Externally initiated material commands shall be idempotent, and duplicate delivery shall not duplicate semantic state transitions.",JAN-JEM-001,Section 11 — Idempotency,Duplicate-command tests,UNASSESSED,,,,,,,,,UNKNOWN,,NOT_REVIEWED,,
JAN-REQ-JEM-006,G2,JEM,P0,MUST,Stale commands shall not silently overwrite current state; conflicts shall return current version and a professional disposition.,JAN-JEM-001,Section 10; JEM-INV-005,Optimistic concurrency test,UNASSESSED,,,,,,,,,UNKNOWN,,NOT_REVIEWED,,
JAN-REQ-JEM-007,G2,JEM,P0,MUST,"Validators shall be side-effect free with respect to authoritative state and shall return explicit pass, fail, conditional, inconclusive, or not-applicable results.",JAN-JEM-001,Sections 13–15; JEM-INV-006,Validator contract tests,UNASSESSED,,,,,,,,,UNKNOWN,,NOT_REVIEWED,,
JAN-REQ-JEM-008,G5,JEM,P0,MUST,"Long-running human, external, timer, and evidence waits shall be represented durably and shall survive runtime restart.",JAN-JEM-001,"Sections 21, 30–31; JEM-INV-007/009",Restart recovery tests,UNASSESSED,,,,,,,,,UNKNOWN,,NOT_REVIEWED,,
JAN-REQ-JEM-009,G8,JEM,P0,MUST,"AI executions shall be durable, attributable, scope- and authority-bounded, and their outputs shall be proposed by default.",JAN-JEM-001,Sections 25–26; JEM-INV-008,Agent execution contract tests,UNASSESSED,,,,,,,,,UNKNOWN,,NOT_REVIEWED,,
JAN-REQ-JEM-010,G8,JEM,P1,MUST,"External operations shall use durable records, idempotency or status inquiry, and saga or compensation semantics when atomicity is unavailable.",JAN-JEM-001,Sections 32–33,External operation failure tests,UNASSESSED,,,,,,,,,UNKNOWN,,NOT_REVIEWED,,
JAN-REQ-JEM-011,G5,JEM,P0,MUST,"Retries shall distinguish transient technical failure from repeated professional reasoning, and no-progress shall trigger tactic change or escalation.",JAN-JEM-001,Sections 27–29,Retry/no-progress tests,UNASSESSED,,,,,,,,,UNKNOWN,,NOT_REVIEWED,,
JAN-REQ-JEM-012,G6,JEM,P0,MUST,Reconciliation changes shall be applied through normal semantic commands and shall not bypass aggregate invariants.,JAN-JEM-001,Section 34; JEM-INV-011,Reconciliation application tests,UNASSESSED,,,,,,,,,UNKNOWN,,NOT_REVIEWED,,
JAN-REQ-JEM-013,G6,JEM,P0,MUST,"Cross-aggregate coherence shall be maintained through commands, events, processes, validators, reconciliation, and explicit temporary incoherence rather than hidden distributed mutation.",JAN-JEM-001,Section 35 — Cross-Aggregate Consistency,Cross-aggregate scenario tests,UNASSESSED,,,,,,,,,UNKNOWN,,NOT_REVIEWED,,
JAN-REQ-JEM-014,G2,JEM,P1,MUST,"Authoritative objects and events shall identify semantic model versions, and upgrades shall support migration, upcasting, projection rebuild, or explicit incompatibility handling.",JAN-JEM-001,Sections 45–47; JEM-INV-016,Model upgrade and event upcast tests,UNASSESSED,,,,,,,,,UNKNOWN,,NOT_REVIEWED,,
JAN-REQ-JEM-015,G2,JEM,P0,MUST,All authoritative and derived runtime state shall be tenant-scoped and organization boundaries shall require explicit policy.,JAN-JEM-001,Section 48; JEM-INV-018,Tenant isolation tests,UNASSESSED,,,,,,,,,UNKNOWN,,NOT_REVIEWED,,
JAN-REQ-JEM-016,G2,JEM,P0,MUST,"Material state shall preserve provenance and append-only or tamper-evident audit across commands, authority, AI execution, exceptions, reconciliation, and administration.",JAN-JEM-001,Sections 49–50,Audit chain tests,UNASSESSED,,,,,,,,,UNKNOWN,,NOT_REVIEWED,,
JAN-REQ-JEM-017,G9,JEM,P0,MUST,Replay and projection rebuild shall not repeat external side effects and shall deterministically reconstruct state under the applicable model version.,JAN-JEM-001,Sections 53–54; JEM-INV-017,Replay safety tests,UNASSESSED,,,,,,,,,UNKNOWN,,NOT_REVIEWED,,
JAN-REQ-JEM-018,G8,JEM,P0,MUST,"Backpressure, budgets, safe stop, and recursive expansion limits shall protect authoritative processing without fabricating completion or silently truncating work.",JAN-JEM-001,Sections 64–67,"Saturation, budget, and safe-stop tests",UNASSESSED,,,,,,,,,UNKNOWN,,NOT_REVIEWED,,
JAN-REQ-OPS-001,G2,OPS,P0,MUST,"PostgreSQL authoritative state, committed events, and the transactional outbox shall implement the single-node authoritative boundary.",JAN-JSRP-001,"Sections 7, 12, 15–16; JSRP-INV-001/002",Database transaction integration tests,UNASSESSED,,,,,,,,,UNKNOWN,,NOT_REVIEWED,,
JAN-REQ-OPS-002,G3,OPS,P0,MUST,"Projection tables shall remain derived, checkpointed, idempotently updated, stale-aware, and rebuildable.",JAN-JSRP-001,Sections 18–19; JSRP-INV-003,Projection rebuild and lag tests,UNASSESSED,,,,,,,,,UNKNOWN,,NOT_REVIEWED,,
JAN-REQ-OPS-003,G5,OPS,P0,MUST,"Process, RPH, timer, agent, external-operation, and attention state shall survive process or container restart.",JAN-JSRP-001,"Sections 20–25, 48; JSRP-INV-004/005",Restart and lease recovery tests,UNASSESSED,,,,,,,,,UNKNOWN,,NOT_REVIEWED,,
JAN-REQ-OPS-004,G2,OPS,P0,MUST,Tenant isolation shall be enforced through application scoping and PostgreSQL row-level security where practical.,JAN-JSRP-001,Section 9; JSRP-INV-006,Cross-tenant access tests,UNASSESSED,,,,,,,,,UNKNOWN,,NOT_REVIEWED,,
JAN-REQ-OPS-005,G8,OPS,P0,MUST,"Sandbox execution shall isolate CPU, memory, storage, time, process count, network, filesystem, secrets, and artifacts and shall prohibit host-control access by default.",JAN-JSRP-001,Section 28; JSRP-INV-007,Sandbox escape and policy tests,UNASSESSED,,,,,,,,,UNKNOWN,,NOT_REVIEWED,,
JAN-REQ-OPS-006,G8,OPS,P0,MUST,Agent and sandbox workloads shall not exhaust resources required for authoritative command processing and PostgreSQL.,JAN-JSRP-001,Sections 44–46; JSRP-INV-008,Resource saturation tests,UNASSESSED,,,,,,,,,UNKNOWN,,NOT_REVIEWED,,
JAN-REQ-OPS-007,G9,OPS,P1,MUST,"Capability-specific degradation, projection staleness, queue saturation, and dependency failure shall be observable.",JAN-JSRP-001,Sections 41–47; JSRP-INV-009,Degraded-mode and telemetry tests,UNASSESSED,,,,,,,,,UNKNOWN,,NOT_REVIEWED,,
JAN-REQ-OPS-008,G9,OPS,P0,MUST,"Recoverable backups shall exist off-host, shall include PostgreSQL, object storage, configuration, semantic sources, and secrets under separate protection, and shall be restore-tested.",JAN-JSRP-001,Sections 49–52; JSRP-INV-010,Restore drill evidence,UNASSESSED,,,,,,,,,UNKNOWN,,NOT_REVIEWED,,
JAN-REQ-OPS-009,G9,OPS,P0,MUST,"The runtime shall verify at startup that deployed JSDL contracts, semantic model fingerprints, database versions, and migrations are compatible.",JAN-JSRP-001,Section 60; JSRP-INV-011,Startup compatibility tests,UNASSESSED,,,,,,,,,UNKNOWN,,NOT_REVIEWED,,
JAN-REQ-OPS-010,G9,OPS,P0,MUST,Administrative recovery and override actions shall be audited and shall not use direct semantic row editing as a normal operating procedure.,JAN-JSRP-001,"Sections 63, 65; JSRP-INV-014",Administrative audit tests,UNASSESSED,,,,,,,,,UNKNOWN,,NOT_REVIEWED,,
JAN-REQ-OPS-011,G9,OPS,P1,MUST,The single-node profile shall explicitly disclose that it does not provide host-failure high availability.,JAN-JSRP-001,"Sections 52, 73; JSRP-INV-015",Deployment documentation review,UNASSESSED,,,,,,,,,UNKNOWN,,NOT_REVIEWED,,
JAN-REQ-OPS-012,G9,OPS,P1,MUST,"The implementation shall preserve explicit service boundaries, versioned contracts, idempotency, leases, checkpoints, and outbox semantics to support later distribution.",JAN-JSRP-001,Sections 69–71,Architecture conformance review,UNASSESSED,,,,,,,,,UNKNOWN,,NOT_REVIEWED,,
JAN-REQ-JCODE-001,G7,JCODE,P0,MUST,"JanumiCode shall optimize for realized software-enabled outcomes rather than code, pull requests, builds, or deployments as ends in themselves.",JAN-JCPWA-001,Sections 2 and 5,End-to-end outcome trace scenario,UNASSESSED,,,,,,,,,UNKNOWN,,NOT_REVIEWED,,
JAN-REQ-JCODE-002,G7,JCODE,P0,MUST,"Materially ambiguous product intent shall be formalized through questions, assumptions, scope, outcomes, and non-goals before unrestricted implementation begins.",JAN-JCPWA-001,Sections 11 and 75.1,Intent formalization scenario,UNASSESSED,,,,,,,,,UNKNOWN,,NOT_REVIEWED,,
JAN-REQ-JCODE-003,G7,JCODE,P0,MUST,Every accepted requirement shall trace to intent or authorized obligation and shall identify a verification or validation method.,JAN-JCPWA-001,Requirement invariants; JCODE-REQ-INV-001/002,Requirement conformance tests,UNASSESSED,,,,,,,,,UNKNOWN,,NOT_REVIEWED,,
JAN-REQ-JCODE-004,G7,JCODE,P1,MUST,Vague quality attributes shall be interpreted or made measurable rather than remain as unqualified adjectives.,JAN-JCPWA-001,Requirement invariants; JCODE-REQ-INV-004,Requirement quality validator tests,UNASSESSED,,,,,,,,,UNKNOWN,,NOT_REVIEWED,,
JAN-REQ-JCODE-005,G7,JCODE,P1,MUST,"User journeys shall trace to requirements, capabilities, experience representations, verification, and operational observation.",JAN-JCPWA-001,Section 21 — User Journey Model,Journey trace test,UNASSESSED,,,,,,,,,UNKNOWN,,NOT_REVIEWED,,
JAN-REQ-JCODE-006,G7,JCODE,P0,MUST,"Material architecture decisions shall preserve context, alternatives, criteria, evidence, assumptions, constraints, trade-offs, consequences, and revisit triggers.",JAN-JCPWA-001,Section 23 — Architecture Model,Architecture decision scenario,UNASSESSED,,,,,,,,,UNKNOWN,,NOT_REVIEWED,,
JAN-REQ-JCODE-007,G7,JCODE,P0,MUST,"Material architecture drift shall receive explicit disposition through implementation correction, architecture revision, authorized exception, temporary incoherence, or reconciliation.",JAN-JCPWA-001,Section 24 — Architecture Drift,Drift detection and disposition test,UNASSESSED,,,,,,,,,UNKNOWN,,NOT_REVIEWED,,
JAN-REQ-JCODE-008,G7,JCODE,P1,MUST,"Material data and interface models shall define ownership, authority, classification, compatibility, lifecycle, security, observability, and migration obligations as applicable.",JAN-JCPWA-001,Sections 25–26,Data/interface model validators,UNASSESSED,,,,,,,,,UNKNOWN,,NOT_REVIEWED,,
JAN-REQ-JCODE-009,G7,JCODE,P0,MUST,Security and privacy shall be integrated throughout product realization rather than treated only as terminal reviews.,JAN-JCPWA-001,Section 27 — Security and Privacy Model,Security trace and gate tests,UNASSESSED,,,,,,,,,UNKNOWN,,NOT_REVIEWED,,
JAN-REQ-JCODE-010,G7,JCODE,P0,MUST,"Critical product, domain, data, security, architectural, and operational invariants shall identify specification, implementation, verification, and observation strategies.",JAN-JCPWA-001,Sections 28–29; JCODE-INV-012/018,Invariant coverage tests,UNASSESSED,,,,,,,,,UNKNOWN,,NOT_REVIEWED,,
JAN-REQ-JCODE-011,G7,JCODE,P1,MUST,"Implementation plans shall preserve intent, requirements, architecture, invariants, dependencies, validation, rollout, rollback, and observability, and should favor professionally coherent vertical slices.",JAN-JCPWA-001,Section 30 — Implementation Plan,Plan validator and vertical-slice review,UNASSESSED,,,,,,,,,UNKNOWN,,NOT_REVIEWED,,
JAN-REQ-JCODE-012,G8,JCODE,P0,MUST,"Every coding-agent execution shall receive an explicit professional contract containing objective, intent, scope, non-goals, requirements, architecture, invariants, constraints, validations, completion, and escalation conditions.",JAN-JCPWA-001,Section 31 — Coding-Agent Contract,Agent input contract tests,UNASSESSED,,,,,,,,,UNKNOWN,,NOT_REVIEWED,,
JAN-REQ-JCODE-013,G8,JCODE,P0,MUST_NOT,"Coding agents shall not silently broaden scope, replace intent, invent approval, suppress tests, weaken constraints, change public contracts, or claim completion from compilation or code generation alone.",JAN-JCPWA-001,Coding-Agent Prohibitions; JCODE-INV-006/014/020,Adversarial agent acceptance tests,UNASSESSED,,,,,,,,,UNKNOWN,,NOT_REVIEWED,,
JAN-REQ-JCODE-014,G7,JCODE,P0,MUST,"Repository, code, documentation, tests, and operational behavior shall be treated as evidence-bearing representations requiring reconciliation rather than any one being automatically authoritative.",JAN-JCPWA-001,Architecture Drift; JCODE-INV-016/017,Brownfield reconciliation scenario,UNASSESSED,,,,,,,,,UNKNOWN,,NOT_REVIEWED,,
JAN-REQ-JCODE-015,G7,JCODE,P0,MUST,"Material software changes shall trace to approved scope or authorized incident action and shall preserve implementation rationale, affected representations, tests, risk, and provenance.",JAN-JCPWA-001,Sections 34 and 73; JCODE-INV-004,Change traceability tests,UNASSESSED,,,,,,,,,UNKNOWN,,NOT_REVIEWED,,
JAN-REQ-JCODE-016,G7,JCODE,P0,MUST,"Verification shall trace requirements and invariants to methods, results, evidence, environments, failures, and waivers; inconclusive shall not be treated as pass.",JAN-JCPWA-001,Sections 36–38,Verification matrix and waiver tests,UNASSESSED,,,,,,,,,UNKNOWN,,NOT_REVIEWED,,
JAN-REQ-JCODE-017,G7,JCODE,P0,MUST,"Release readiness shall evaluate scope coherence, verification, security, migration, operations, observability, support, residual risk, and rollback readiness.",JAN-JCPWA-001,Section 41 — Release Model,Release gate scenario,UNASSESSED,,,,,,,,,UNKNOWN,,NOT_REVIEWED,,
JAN-REQ-JCODE-018,G7,JCODE,P0,MUST,"Deployment success shall remain distinct from release acceptance and outcome achievement, and production observation shall feed requirement, architecture, invariant, risk, and reconciliation state.",JAN-JCPWA-001,Sections 42–43; JCODE-INV-009,Deployment/observation scenario,UNASSESSED,,,,,,,,,UNKNOWN,,NOT_REVIEWED,,
JAN-REQ-JCODE-019,G7,JCODE,P0,MUST,"Production incidents shall preserve timeline, claims, evidence, decisions, containment, remediation, recovery validation, residual risk, follow-on work, and reconciliation; service restoration alone shall not close the incident.",JAN-JCPWA-001,Section 44 — Production Incident Model,Incident closure acceptance test,UNASSESSED,,,,,,,,,UNKNOWN,,NOT_REVIEWED,,
JAN-REQ-JCODE-020,G7,JCODE,P0,MUST,"The JanumiCode Product Realization Map shall support traceability from intent and outcome through journey, requirement, architecture, change, verification, release, observation, and reconciliation.",JAN-JCPWA-001,Sections 39 and 55,Critical acceptance journey 1,UNASSESSED,,,,,,,,,UNKNOWN,,NOT_REVIEWED,,
JAN-REQ-JCODE-021,G7,JCODE,P0,MUST_NOT,"The JanumiCode UI shall remain PWU- and cognition-centered and shall not become chat-first, file-tree-first, task-first, or a rigid waterfall.",JAN-JCPWA-001,UI Prohibitions; JCODE-INV-020,Information architecture review,UNASSESSED,,,,,,,,,UNKNOWN,,NOT_REVIEWED,,
JAN-REQ-JCODE-022,G7,JCODE,P1,MUST,"CI/CD and repository events shall be normalized into explicit actions, artifacts, observations, evidence, validations, and reconciliation triggers rather than treated as professional completion.",JAN-JCPWA-001,"Sections 40, 66–68",CI/CD normalization tests,UNASSESSED,,,,,,,,,UNKNOWN,,NOT_REVIEWED,,
